"year","Agent_ID","SB_ID","IRR_Yield_tons"
5,1,22,5.55
5,1,23,5.52
5,1,24,4.48
5,1,25,2.52
5,1,26,5.16
5,1,28,2.87
5,1,30,3.89
5,1,33,5.89
5,1,35,4.69
5,1,36,4.64
5,1,37,4.65
5,1,38,5.07
5,1,254,3.73
5,1,255,4.48
5,1,280,4.73
5,1,281,4.55
5,1,283,5.81
5,2,31,3.92
5,2,34,10.86
5,2,39,7.34
5,2,40,8.04
5,2,45,7.19
5,2,46,3.82
5,2,48,6.66
5,2,49,2.69
5,2,52,6.67
5,3,50,2.15
5,3,53,9.19
5,3,56,4.44
5,3,57,4.47
5,3,58,8.09
5,3,61,5.12
5,3,65,5.24
5,3,240,5.02
5,4,32,3.46
5,4,42,4.63
5,4,44,5.51
5,4,47,3.07
5,4,51,6.17
5,4,54,3.75
5,4,55,4.05
5,4,59,3.49
5,4,62,3.04
5,4,63,5.68
5,4,64,2.69
5,4,66,3.7
5,4,67,2.65
5,4,68,3.48
5,4,69,4.61
5,4,71,3.24
5,4,72,4.67
5,4,262,1.85
5,4,263,2.76
5,4,264,4.53
5,4,267,2.31
5,4,269,3.35
5,5,85,2.48
5,5,87,1.68
5,5,89,4.85
5,5,90,17.52
5,5,91,4.09
5,5,92,0.9
5,5,93,4.15
5,5,94,5.02
5,5,238,5.77
5,5,241,3.59
5,5,242,4.52
5,5,243,8.62
5,5,265,0.65
5,5,266,3.63
5,6,70,4.22
5,6,73,5.02
5,6,74,2.58
5,6,75,3.01
5,6,76,3.51
5,6,77,3.45
5,6,78,6.55
5,6,79,3.87
5,6,81,6.82
5,6,82,5.53
5,6,83,4.59
5,6,84,3.04
5,6,86,3.48
5,6,88,4.54
5,6,95,5.15
5,6,96,2.81
5,6,97,4.67
5,6,98,7.04
5,6,99,4.65
5,6,100,3.43
5,6,101,2.31
5,6,102,3.39
5,6,103,5.02
5,6,105,5.9
5,6,106,7.41
5,6,110,1.25
5,6,111,1.52
5,6,112,0.97
5,6,115,1.31
5,6,117,1.07
5,6,122,5.56
5,6,244,6.98
5,6,245,8.51
5,6,259,3.79
5,6,268,2.81
5,6,270,4.68
5,6,272,6.55
5,6,273,4.55
5,6,275,6.26
5,6,277,4.13
5,7,104,4.14
5,7,107,3.96
5,7,108,3.81
5,7,109,4.25
5,7,113,4.02
5,7,114,4.24
5,7,116,4.25
5,7,118,4.29
5,7,120,4.21
5,7,123,4.2
5,7,124,4.08
5,7,125,4.21
5,7,126,4.14
5,7,127,4.05
5,7,128,4.24
5,7,129,4.22
5,7,130,3.68
5,7,131,4.08
5,7,132,4.3
5,7,133,3.78
5,7,134,4.16
5,7,136,4.18
5,7,137,4.15
5,7,138,4.15
5,7,139,4.29
5,7,140,4.11
5,7,141,4.41
5,7,142,4.39
5,7,144,3.04
5,7,146,3.87
5,7,147,4.2
5,7,149,4.16
5,7,150,4.19
5,7,151,3.61
5,7,155,4.2
5,7,158,3.91
5,7,159,4.03
5,7,246,4.15
5,7,247,3.62
5,7,248,4.26
5,7,249,4.18
5,7,250,4.2
5,7,286,3
5,8,121,1.29
5,8,135,0.75
5,8,153,0.13
5,8,169,1.21
5,8,170,0.22
5,8,239,1.54
5,8,252,3.04
5,8,260,1.64
5,8,261,5.37
5,8,284,5.28
5,8,287,1.92
5,9,119,2.81
5,9,143,4.23
5,9,145,4.44
5,9,148,1.54
5,9,152,2.6
5,9,154,1.21
5,9,156,0.18
5,9,157,2.92
5,9,160,6.6
5,9,161,7.04
5,9,162,1.33
5,9,164,1.09
5,9,165,10.68
5,9,180,7.55
5,9,182,3.93
5,9,184,4.08
5,9,185,6.11
5,9,187,2.84
5,9,271,7.3
5,9,274,1
5,9,276,12.74
5,9,278,2.65
5,9,285,15.22
5,10,193,5.18
5,10,195,3.38
5,10,201,5.57
5,10,205,5.41
5,10,209,5.68
5,10,212,6.16
5,10,213,5.82
5,10,251,2.98
5,11,168,5.35
5,11,171,5.57
5,11,172,6.39
5,11,173,4.65
5,11,174,7.16
5,11,175,7.02
5,11,176,4.91
5,11,177,4.75
5,11,178,4.56
5,11,179,3.05
5,11,181,4.64
5,11,183,4.8
5,11,189,4.4
5,11,190,4.35
5,11,192,4.53
5,11,194,4.31
5,11,196,6.36
5,11,197,4.45
5,11,198,4.54
5,11,202,6.03
5,11,203,5.44
5,11,204,4.82
5,11,207,4.51
5,11,208,5.28
5,11,211,3.48
5,11,214,5.74
5,11,215,3.94
5,11,216,5.09
5,11,217,4.71
5,11,218,3.09
5,11,219,3.06
5,11,220,5.56
5,11,221,3.49
5,11,222,5.05
5,11,223,3.02
5,11,224,2.9
5,12,225,4.53
5,12,226,4.2
5,12,227,5.18
5,12,228,4.09
5,12,229,2.95
5,12,230,3.71
5,12,231,6.28
5,12,232,5.55
5,12,233,4.85
5,12,234,5.7
5,12,235,11.15
5,12,236,5.85
5,12,237,10.82
5,12,288,10.76
5,12,289,4.44
6,1,22,5.46
6,1,23,5.37
6,1,24,4.4
6,1,25,2.63
6,1,26,5.02
6,1,28,2.62
6,1,30,3.97
6,1,33,5.95
6,1,35,4.78
6,1,36,4.58
6,1,37,4.83
6,1,38,6.19
6,1,254,3.69
6,1,255,4.42
6,1,280,4.56
6,1,281,4.64
6,1,283,5.64
6,2,31,3.73
6,2,34,12.13
6,2,39,9.3
6,2,40,11.24
6,2,45,12.34
6,2,46,4.16
6,2,48,9.53
6,2,49,10.61
6,2,52,9.1
6,3,50,5.59
6,3,53,12.6
6,3,56,6.11
6,3,57,6.3
6,3,58,15.52
6,3,61,7.01
6,3,65,6.98
6,3,240,11.47
6,4,32,3.8
6,4,42,4.95
6,4,44,5.33
6,4,47,4.58
6,4,51,6.6
6,4,54,4.86
6,4,55,3.11
6,4,59,4.76
6,4,62,7.28
6,4,63,7.1
6,4,64,4.39
6,4,66,8.08
6,4,67,7.66
6,4,68,6.61
6,4,69,6.25
6,4,71,6.14
6,4,72,5.97
6,4,262,3.51
6,4,263,6.68
6,4,264,6.96
6,4,267,4.05
6,4,269,3.84
6,5,85,6.53
6,5,87,1.85
6,5,89,7.2
6,5,90,25.41
6,5,91,6.34
6,5,92,2.41
6,5,93,7.55
6,5,94,10.15
6,5,238,6.52
6,5,241,5.18
6,5,242,6.97
6,5,243,9.35
6,5,265,2.4
6,5,266,8.78
6,6,70,4.57
6,6,73,4.59
6,6,74,4.52
6,6,75,4.19
6,6,76,4.28
6,6,77,3.78
6,6,78,7.55
6,6,79,4.24
6,6,81,7.87
6,6,82,6.27
6,6,83,5.32
6,6,84,3.6
6,6,86,4.26
6,6,88,7.21
6,6,95,7.82
6,6,96,4.23
6,6,97,7.66
6,6,98,8.5
6,6,99,5.54
6,6,100,5.11
6,6,101,6.47
6,6,102,6.8
6,6,103,8.42
6,6,105,8.22
6,6,106,9.22
6,6,110,4.86
6,6,111,5.42
6,6,112,5.08
6,6,115,5.71
6,6,117,5.28
6,6,122,10.89
6,6,244,8.99
6,6,245,12.28
6,6,259,5.34
6,6,268,2.95
6,6,270,5.17
6,6,272,7.23
6,6,273,5.14
6,6,275,7.23
6,6,277,4.36
6,7,104,7.07
6,7,107,6.42
6,7,108,7.87
6,7,109,6.71
6,7,113,7.73
6,7,114,8.52
6,7,116,7.84
6,7,118,8.75
6,7,120,7.74
6,7,123,7.88
6,7,124,8.01
6,7,125,7.01
6,7,126,8.06
6,7,127,7.66
6,7,128,7.36
6,7,129,7.17
6,7,130,6.98
6,7,131,7.93
6,7,132,7.1
6,7,133,7.97
6,7,134,7.67
6,7,136,7.49
6,7,137,7.76
6,7,138,7.66
6,7,139,8.07
6,7,140,8
6,7,141,7.6
6,7,142,7.5
6,7,144,4.27
6,7,146,6.29
6,7,147,7.74
6,7,149,8.1
6,7,150,7.37
6,7,151,7.22
6,7,155,8.31
6,7,158,8.58
6,7,159,7.98
6,7,246,7.84
6,7,247,10.41
6,7,248,6.56
6,7,249,7.39
6,7,250,7.72
6,7,286,3.7
6,8,121,4.06
6,8,135,1.76
6,8,153,2.24
6,8,169,3.46
6,8,170,1.58
6,8,239,6.54
6,8,252,4.58
6,8,260,10.82
6,8,261,11.86
6,8,284,13.72
6,8,287,10.72
6,9,119,5.19
6,9,143,4.74
6,9,145,4.94
6,9,148,4.43
6,9,152,2.91
6,9,154,6.04
6,9,156,1.9
6,9,157,3.19
6,9,160,6.93
6,9,161,7.25
6,9,162,5.91
6,9,164,4.26
6,9,165,11.45
6,9,180,10.59
6,9,182,4.68
6,9,184,11.36
6,9,185,12.38
6,9,187,3.53
6,9,271,7.5
6,9,274,4.29
6,9,276,16.6
6,9,278,2.93
6,9,285,15.82
6,10,193,14.92
6,10,195,5.54
6,10,201,15.45
6,10,205,8.46
6,10,209,37.03
6,10,212,12.9
6,10,213,9.7
6,10,251,4.28
6,11,168,9.64
6,11,171,8.54
6,11,172,8.46
6,11,173,7.16
6,11,174,8.76
6,11,175,8.57
6,11,176,7.93
6,11,177,7.39
6,11,178,7.1
6,11,179,3.94
6,11,181,8.13
6,11,183,8.99
6,11,189,6.19
6,11,190,5.35
6,11,192,8.07
6,11,194,5.76
6,11,196,6.64
6,11,197,5.98
6,11,198,7.53
6,11,202,8.64
6,11,203,7.71
6,11,204,7.95
6,11,207,8.7
6,11,208,7.12
6,11,211,4.81
6,11,214,8.96
6,11,215,5.4
6,11,216,7.71
6,11,217,6.14
6,11,218,3.49
6,11,219,3.39
6,11,220,8.24
6,11,221,5.3
6,11,222,6.52
6,11,223,3.29
6,11,224,3.21
6,12,225,5.63
6,12,226,23.89
6,12,227,7.96
6,12,228,5.36
6,12,229,2.95
6,12,230,14.12
6,12,231,9.32
6,12,232,7.09
6,12,233,18.1
6,12,234,6.72
6,12,235,12.88
6,12,236,7.04
6,12,237,15.57
6,12,288,22.74
6,12,289,13.81
7,1,22,4.67
7,1,23,5.08
7,1,24,4.4
7,1,25,2.34
7,1,26,5.08
7,1,28,2.71
7,1,30,3.92
7,1,33,5.96
7,1,35,4.55
7,1,36,4.51
7,1,37,4.57
7,1,38,6.45
7,1,254,3.63
7,1,255,4.41
7,1,280,4.73
7,1,281,4.42
7,1,283,5.18
7,2,31,3.98
7,2,34,8.84
7,2,39,11.09
7,2,40,11.31
7,2,45,11.99
7,2,46,4.06
7,2,48,11.75
7,2,49,8.54
7,2,52,10.75
7,3,50,4.59
7,3,53,13.31
7,3,56,8.8
7,3,57,9.24
7,3,58,13.2
7,3,61,9.28
7,3,65,10.3
7,3,240,10.84
7,4,32,3.67
7,4,42,5.56
7,4,44,5.89
7,4,47,6.03
7,4,51,5.99
7,4,54,5.93
7,4,55,4.77
7,4,59,6.21
7,4,62,7
7,4,63,7.14
7,4,64,5.97
7,4,66,7.65
7,4,67,5.39
7,4,68,6.23
7,4,69,5.98
7,4,71,6.41
7,4,72,5.63
7,4,262,3.47
7,4,263,5.37
7,4,264,7.01
7,4,267,3.7
7,4,269,3.76
7,5,85,7.52
7,5,87,2.25
7,5,89,7.88
7,5,90,32.7
7,5,91,5.25
7,5,92,2.72
7,5,93,7.75
7,5,94,10.29
7,5,238,8.56
7,5,241,6.47
7,5,242,6.61
7,5,243,10.62
7,5,265,2.72
7,5,266,11.36
7,6,70,3.92
7,6,73,4.2
7,6,74,4.08
7,6,75,3.88
7,6,76,3.69
7,6,77,4.35
7,6,78,8.18
7,6,79,5.69
7,6,81,8.48
7,6,82,5.41
7,6,83,5.58
7,6,84,3.41
7,6,86,3.67
7,6,88,8.73
7,6,95,8.62
7,6,96,4.09
7,6,97,8.2
7,6,98,8.97
7,6,99,6.14
7,6,100,5.23
7,6,101,7.77
7,6,102,7.78
7,6,103,8.52
7,6,105,8.83
7,6,106,9.36
7,6,110,6.52
7,6,111,6.63
7,6,112,7.03
7,6,115,7.63
7,6,117,7.67
7,6,122,12.51
7,6,244,10
7,6,245,12.43
7,6,259,5.88
7,6,268,3.24
7,6,270,4.35
7,6,272,6.86
7,6,273,4.82
7,6,275,6.99
7,6,277,3.52
7,7,104,5.98
7,7,107,5.81
7,7,108,5.42
7,7,109,7.45
7,7,113,7.93
7,7,114,6.93
7,7,116,7.65
7,7,118,6.67
7,7,120,7.48
7,7,123,7.86
7,7,124,8.46
7,7,125,7.25
7,7,126,9.46
7,7,127,8.25
7,7,128,7.94
7,7,129,7.74
7,7,130,5.82
7,7,131,8.84
7,7,132,7.96
7,7,133,6.06
7,7,134,8.11
7,7,136,9.63
7,7,137,9.5
7,7,138,8.79
7,7,139,9.57
7,7,140,9.62
7,7,141,8.24
7,7,142,8.49
7,7,144,4.51
7,7,146,6.6
7,7,147,7.95
7,7,149,9.25
7,7,150,8.19
7,7,151,5.28
7,7,155,9.44
7,7,158,8.1
7,7,159,9.96
7,7,246,8.71
7,7,247,5.53
7,7,248,7.98
7,7,249,7.34
7,7,250,8.72
7,7,286,3.75
7,8,121,6.82
7,8,135,2.25
7,8,153,2.85
7,8,169,5.44
7,8,170,1.84
7,8,239,8.22
7,8,252,4.95
7,8,260,13.43
7,8,261,18.11
7,8,284,15.33
7,8,287,13.87
7,9,119,5.05
7,9,143,5.53
7,9,145,5.56
7,9,148,4.66
7,9,152,3.41
7,9,154,7.01
7,9,156,3.08
7,9,157,3.58
7,9,160,7.62
7,9,161,8.14
7,9,162,6.38
7,9,164,5.02
7,9,165,13.3
7,9,180,12.92
7,9,182,5.17
7,9,184,8.44
7,9,185,13.32
7,9,187,3.37
7,9,271,8.26
7,9,274,5.18
7,9,276,16.7
7,9,278,3.41
7,9,285,17.53
7,10,193,17.15
7,10,195,5.17
7,10,201,15.94
7,10,205,11.69
7,10,209,20.66
7,10,212,10.55
7,10,213,8.53
7,10,251,3.72
7,11,168,10.19
7,11,171,10.53
7,11,172,10.01
7,11,173,11.77
7,11,174,8.62
7,11,175,10.71
7,11,176,8.74
7,11,177,10.06
7,11,178,10.07
7,11,179,4.59
7,11,181,8.81
7,11,183,8.52
7,11,189,9.35
7,11,190,9.44
7,11,192,9.05
7,11,194,8.06
7,11,196,9.52
7,11,197,7.89
7,11,198,8.08
7,11,202,9.42
7,11,203,10.32
7,11,204,7.92
7,11,207,6.63
7,11,208,7.74
7,11,211,4.75
7,11,214,8.22
7,11,215,5.64
7,11,216,7.51
7,11,217,5.54
7,11,218,3.42
7,11,219,3.16
7,11,220,9.65
7,11,221,5.02
7,11,222,6.94
7,11,223,3.09
7,11,224,3.02
7,12,225,5.52
7,12,226,5.25
7,12,227,8.99
7,12,228,5.35
7,12,229,2.96
7,12,230,5.96
7,12,231,8.13
7,12,232,8.07
7,12,233,7.18
7,12,234,6.61
7,12,235,12.8
7,12,236,7.57
7,12,237,13.14
7,12,288,14.78
7,12,289,7.73
8,1,22,5.21
8,1,23,4.79
8,1,24,4.42
8,1,25,2.52
8,1,26,5.06
8,1,28,2.7
8,1,30,3.79
8,1,33,5.88
8,1,35,4.7
8,1,36,4.48
8,1,37,4.94
8,1,38,6.17
8,1,254,3.6
8,1,255,4.34
8,1,280,4.78
8,1,281,4.57
8,1,283,5.94
8,2,31,3.91
8,2,34,12.81
8,2,39,10.96
8,2,40,11.18
8,2,45,12.42
8,2,46,3.92
8,2,48,12.5
8,2,49,9.7
8,2,52,11.76
8,3,50,5.32
8,3,53,13.06
8,3,56,9.12
8,3,57,8.18
8,3,58,13.53
8,3,61,9.94
8,3,65,9.51
8,3,240,10.31
8,4,32,3.55
8,4,42,5.06
8,4,44,5.51
8,4,47,5.65
8,4,51,5.87
8,4,54,5.66
8,4,55,4.94
8,4,59,6.22
8,4,62,7.21
8,4,63,7.34
8,4,64,6.07
8,4,66,8.03
8,4,67,6.21
8,4,68,6.37
8,4,69,5.87
8,4,71,6.05
8,4,72,5.2
8,4,262,3.56
8,4,263,5.95
8,4,264,6.76
8,4,267,3.58
8,4,269,3.66
8,5,85,7.17
8,5,87,2.29
8,5,89,6.08
8,5,90,34.98
8,5,91,6.19
8,5,92,2.59
8,5,93,8.03
8,5,94,11.78
8,5,238,8.97
8,5,241,6.24
8,5,242,8.41
8,5,243,11.31
8,5,265,2.58
8,5,266,10.79
8,6,70,3.78
8,6,73,3.71
8,6,74,4.94
8,6,75,3.67
8,6,76,3.38
8,6,77,4.09
8,6,78,7.88
8,6,79,5.39
8,6,81,8.14
8,6,82,5.26
8,6,83,5.25
8,6,84,2.97
8,6,86,3.69
8,6,88,7.01
8,6,95,7.99
8,6,96,3.69
8,6,97,7.88
8,6,98,8.79
8,6,99,5.68
8,6,100,4.47
8,6,101,5.83
8,6,102,6.34
8,6,103,7.89
8,6,105,8.12
8,6,106,8.94
8,6,110,4.62
8,6,111,5.39
8,6,112,4.13
8,6,115,6
8,6,117,6.19
8,6,122,12.39
8,6,244,9.37
8,6,245,12.61
8,6,259,5.18
8,6,268,3.12
8,6,270,4.36
8,6,272,6.27
8,6,273,4.18
8,6,275,6.13
8,6,277,3.03
8,7,104,7.94
8,7,107,5.74
8,7,108,6.97
8,7,109,6.72
8,7,113,8.16
8,7,114,8.35
8,7,116,7.15
8,7,118,7.36
8,7,120,7.18
8,7,123,8.64
8,7,124,6.92
8,7,125,7.84
8,7,126,7.91
8,7,127,7.03
8,7,128,7.29
8,7,129,7.63
8,7,130,6.45
8,7,131,9.12
8,7,132,8.43
8,7,133,9.77
8,7,134,6.9
8,7,136,6.74
8,7,137,7.35
8,7,138,6.62
8,7,139,8.09
8,7,140,6.54
8,7,141,7.83
8,7,142,6.43
8,7,144,4.2
8,7,146,6.21
8,7,147,7.66
8,7,149,7.87
8,7,150,8.92
8,7,151,8.3
8,7,155,9.27
8,7,158,7.72
8,7,159,7.68
8,7,246,9.89
8,7,247,8.31
8,7,248,7.68
8,7,249,8.24
8,7,250,7.9
8,7,286,3.37
8,8,121,4.45
8,8,135,2.02
8,8,153,2.22
8,8,169,3.91
8,8,170,1.37
8,8,239,8.68
8,8,252,3.96
8,8,260,9.91
8,8,261,14.19
8,8,284,11.68
8,8,287,10.15
8,9,119,4.79
8,9,143,4.68
8,9,145,4.81
8,9,148,2.22
8,9,152,2.86
8,9,154,4.08
8,9,156,0.78
8,9,157,3.07
8,9,160,6.9
8,9,161,7.46
8,9,162,3.48
8,9,164,3.71
8,9,165,11.64
8,9,180,9.83
8,9,182,4.51
8,9,184,5.49
8,9,185,8.56
8,9,187,3.2
8,9,271,7.09
8,9,274,2.96
8,9,276,15
8,9,278,2.86
8,9,285,16.36
8,10,193,9.28
8,10,195,4.43
8,10,201,14.95
8,10,205,7.62
8,10,209,11.43
8,10,212,8.02
8,10,213,7.16
8,10,251,2.96
8,11,168,8.98
8,11,171,9.47
8,11,172,9.3
8,11,173,6.65
8,11,174,8.59
8,11,175,8.96
8,11,176,8.84
8,11,177,7.98
8,11,178,7.71
8,11,179,3.66
8,11,181,7.23
8,11,183,7.51
8,11,189,6.25
8,11,190,5.11
8,11,192,7.28
8,11,194,5
8,11,196,6.78
8,11,197,5.77
8,11,198,6.01
8,11,202,7.65
8,11,203,7.38
8,11,204,6.63
8,11,207,4.89
8,11,208,7.79
8,11,211,4.14
8,11,214,9.66
8,11,215,5.35
8,11,216,9.01
8,11,217,11.02
8,11,218,3.12
8,11,219,3.25
8,11,220,10.6
8,11,221,5.89
8,11,222,8.03
8,11,223,3.25
8,11,224,3.11
8,12,225,6.27
8,12,226,4.8
8,12,227,8.55
8,12,228,4.88
8,12,229,3.06
8,12,230,3.74
8,12,231,8.99
8,12,232,8.25
8,12,233,5.8
8,12,234,7.19
8,12,235,11.74
8,12,236,9.53
8,12,237,11.4
8,12,288,12.05
8,12,289,5.24
9,1,22,5.13
9,1,23,5.17
9,1,24,3.96
9,1,25,5.08
9,1,26,4.44
9,1,28,2.28
9,1,30,3.55
9,1,33,5.26
9,1,35,4.22
9,1,36,4.1
9,1,37,4.38
9,1,38,5.65
9,1,254,3.3
9,1,255,3.97
9,1,280,4.13
9,1,281,4.1
9,1,283,5.27
9,2,31,3.44
9,2,34,6.44
9,2,39,8.63
9,2,40,9.27
9,2,45,8.76
9,2,46,3.87
9,2,48,8.06
9,2,49,4.68
9,2,52,8.78
9,3,50,2.83
9,3,53,12.28
9,3,56,6.46
9,3,57,5.87
9,3,58,10.18
9,3,61,6.75
9,3,65,7.99
9,3,240,7.42
9,4,32,3.28
9,4,42,4.72
9,4,44,5.1
9,4,47,5.48
9,4,51,5.87
9,4,54,5.39
9,4,55,4.43
9,4,59,5.82
9,4,62,5.4
9,4,63,6.25
9,4,64,4.9
9,4,66,6.86
9,4,67,4.03
9,4,68,5.18
9,4,69,6.05
9,4,71,4.6
9,4,72,4.82
9,4,262,3.03
9,4,263,3.58
9,4,264,6.49
9,4,267,3.28
9,4,269,3.35
9,5,85,6.68
9,5,87,1.81
9,5,89,7.16
9,5,90,28.72
9,5,91,6.87
9,5,92,2.47
9,5,93,8.61
9,5,94,10.92
9,5,238,7.69
9,5,241,5.88
9,5,242,8.13
9,5,243,9.52
9,5,265,2.47
9,5,266,10.41
9,6,70,4.11
9,6,73,4.02
9,6,74,2.53
9,6,75,3.7
9,6,76,3.64
9,6,77,3.66
9,6,78,7.3
9,6,79,5.08
9,6,81,7.6
9,6,82,5.3
9,6,83,4.88
9,6,84,3.12
9,6,86,3.53
9,6,88,7.34
9,6,95,6.66
9,6,96,3.78
9,6,97,6.67
9,6,98,7.92
9,6,99,5.17
9,6,100,4.73
9,6,101,5.87
9,6,102,6.75
9,6,103,7.14
9,6,105,7.59
9,6,106,8.54
9,6,110,5.31
9,6,111,4.05
9,6,112,4.52
9,6,115,4.58
9,6,117,3.89
9,6,122,10.18
9,6,244,8.5
9,6,245,11.58
9,6,259,5.23
9,6,268,3.09
9,6,270,4.21
9,6,272,6.45
9,6,273,4.5
9,6,275,6.14
9,6,277,3.54
9,7,104,7.11
9,7,107,11.56
9,7,108,10.27
9,7,109,8.78
9,7,113,8.92
9,7,114,6.02
9,7,116,7.89
9,7,118,7.37
9,7,120,7.28
9,7,123,6.2
9,7,124,5.98
9,7,125,7.87
9,7,126,5.48
9,7,127,5.61
9,7,128,6.7
9,7,129,5.54
9,7,130,4.73
9,7,131,6.82
9,7,132,5.55
9,7,133,5.33
9,7,134,5.72
9,7,136,6.12
9,7,137,5.21
9,7,138,6.43
9,7,139,5.53
9,7,140,5.91
9,7,141,5.45
9,7,142,6.8
9,7,144,3.84
9,7,146,4.98
9,7,147,6.11
9,7,149,5.31
9,7,150,6.19
9,7,151,4.97
9,7,155,6.14
9,7,158,7.35
9,7,159,7.44
9,7,246,6.38
9,7,247,5.38
9,7,248,5.66
9,7,249,5.49
9,7,250,5.98
9,7,286,3.57
9,8,121,3.57
9,8,135,1.75
9,8,153,2.37
9,8,169,4.02
9,8,170,1.69
9,8,239,7.88
9,8,252,4.06
9,8,260,12.1
9,8,261,12.3
9,8,284,13.2
9,8,287,12.48
9,9,119,4.79
9,9,143,5.02
9,9,145,5.18
9,9,148,3.5
9,9,152,3.07
9,9,154,5.06
9,9,156,1.79
9,9,157,3.37
9,9,160,7.06
9,9,161,7.65
9,9,162,4.12
9,9,164,4.68
9,9,165,12.26
9,9,180,11.24
9,9,182,4.61
9,9,184,4.84
9,9,185,10.07
9,9,187,2.55
9,9,271,7.81
9,9,274,4.28
9,9,276,14.91
9,9,278,3.12
9,9,285,15.89
9,10,193,10.64
9,10,195,4.26
9,10,201,6.99
9,10,205,6.12
9,10,209,9.42
9,10,212,8.11
9,10,213,6.79
9,10,251,3.15
9,11,168,8.5
9,11,171,6.19
9,11,172,8.44
9,11,173,6.62
9,11,174,8.85
9,11,175,8.63
9,11,176,7.47
9,11,177,6.13
9,11,178,7.05
9,11,179,3.55
9,11,181,7.34
9,11,183,7.3
9,11,189,6.16
9,11,190,6.4
9,11,192,7.16
9,11,194,6.35
9,11,196,8.67
9,11,197,5.84
9,11,198,6.97
9,11,202,7.67
9,11,203,7.05
9,11,204,7.53
9,11,207,7.54
9,11,208,5.75
9,11,211,4.08
9,11,214,6.07
9,11,215,4.03
9,11,216,5.12
9,11,217,5.08
9,11,218,3.26
9,11,219,3.2
9,11,220,5.65
9,11,221,3.59
9,11,222,5
9,11,223,3.13
9,11,224,3.01
9,12,225,5.18
9,12,226,4.15
9,12,227,5.48
9,12,228,4.5
9,12,229,3.07
9,12,230,3.85
9,12,231,8.53
9,12,232,5.99
9,12,233,6
9,12,234,5.94
9,12,235,11.14
9,12,236,6.98
9,12,237,11.62
9,12,288,12.27
9,12,289,5.18
10,1,22,5.15
10,1,23,4.84
10,1,24,4.51
10,1,25,2.55
10,1,26,5.04
10,1,28,2.63
10,1,30,3.98
10,1,33,5.89
10,1,35,4.92
10,1,36,4.67
10,1,37,4.88
10,1,38,7.36
10,1,254,3.76
10,1,255,4.4
10,1,280,4.59
10,1,281,4.77
10,1,283,4.9
10,2,31,3.83
10,2,34,9.82
10,2,39,11.37
10,2,40,11.58
10,2,45,11.93
10,2,46,4.55
10,2,48,10.72
10,2,49,6.4
10,2,52,9.56
10,3,50,4.31
10,3,53,13.37
10,3,56,7.05
10,3,57,6.21
10,3,58,11.33
10,3,61,8.63
10,3,65,8.78
10,3,240,8.78
10,4,32,4.01
10,4,42,5.59
10,4,44,5.67
10,4,47,5.57
10,4,51,6.44
10,4,54,5.58
10,4,55,4.15
10,4,59,4.54
10,4,62,5
10,4,63,5.45
10,4,64,4.79
10,4,66,5.5
10,4,67,4.31
10,4,68,4.48
10,4,69,4.89
10,4,71,4.72
10,4,72,4.99
10,4,262,2.65
10,4,263,4.25
10,4,264,6.26
10,4,267,3.48
10,4,269,3.54
10,5,85,6.59
10,5,87,2.45
10,5,89,10.49
10,5,90,36.83
10,5,91,8.64
10,5,92,2.41
10,5,93,8.88
10,5,94,8.83
10,5,238,9.52
10,5,241,6.15
10,5,242,9.25
10,5,243,11.36
10,5,265,2.41
10,5,266,12
10,6,70,4.16
10,6,73,4.54
10,6,74,2.91
10,6,75,3.88
10,6,76,3.84
10,6,77,4.54
10,6,78,7.85
10,6,79,6.07
10,6,81,8.16
10,6,82,5.94
10,6,83,5.51
10,6,84,3.18
10,6,86,4.33
10,6,88,9.23
10,6,95,8.71
10,6,96,3.96
10,6,97,9.47
10,6,98,9.03
10,6,99,6.06
10,6,100,4.95
10,6,101,6.84
10,6,102,6.89
10,6,103,8.58
10,6,105,8.35
10,6,106,9
10,6,110,5.69
10,6,111,6.17
10,6,112,5.81
10,6,115,6.44
10,6,117,6.34
10,6,122,10.92
10,6,244,9.65
10,6,245,12.04
10,6,259,4.67
10,6,268,3.2
10,6,270,5.32
10,6,272,6.58
10,6,273,4.32
10,6,275,6.29
10,6,277,3.73
10,7,104,8.73
10,7,107,6.77
10,7,108,7.33
10,7,109,8.05
10,7,113,8.12
10,7,114,8.2
10,7,116,7.64
10,7,118,9.34
10,7,120,9.26
10,7,123,6.98
10,7,124,7.22
10,7,125,7.85
10,7,126,6.71
10,7,127,7.69
10,7,128,8
10,7,129,7.88
10,7,130,5.82
10,7,131,8.3
10,7,132,8.36
10,7,133,5.8
10,7,134,7.66
10,7,136,7.07
10,7,137,7.05
10,7,138,6.97
10,7,139,6.67
10,7,140,7.29
10,7,141,7.84
10,7,142,6.39
10,7,144,4.05
10,7,146,6.28
10,7,147,8.32
10,7,149,7.31
10,7,150,8.5
10,7,151,4.73
10,7,155,8.26
10,7,158,8.3
10,7,159,8.27
10,7,246,8.04
10,7,247,4.7
10,7,248,8.32
10,7,249,7.84
10,7,250,7.34
10,7,286,3.59
10,8,121,4.96
10,8,135,1.81
10,8,153,1.96
10,8,169,3.03
10,8,170,1.34
10,8,239,6.74
10,8,252,3.84
10,8,260,9.59
10,8,261,11.99
10,8,284,11.2
10,8,287,10.14
10,9,119,4.82
10,9,143,4.28
10,9,145,4.26
10,9,148,1.35
10,9,152,2.54
10,9,154,5.14
10,9,156,0.94
10,9,157,2.82
10,9,160,5.3
10,9,161,5.89
10,9,162,1.69
10,9,164,3.65
10,9,165,10.32
10,9,180,7.61
10,9,182,3.94
10,9,184,4.3
10,9,185,5.25
10,9,187,2.71
10,9,271,5.88
10,9,274,3.12
10,9,276,11.98
10,9,278,2.61
10,9,285,13.27
10,10,193,12.03
10,10,195,4.02
10,10,201,8.27
10,10,205,6.22
10,10,209,13.36
10,10,212,6.39
10,10,213,6
10,10,251,2.77
10,11,168,9.74
10,11,171,8.7
10,11,172,8.16
10,11,173,7.57
10,11,174,8.33
10,11,175,8.17
10,11,176,7.96
10,11,177,7.1
10,11,178,7.82
10,11,179,3.51
10,11,181,8.17
10,11,183,7.49
10,11,189,6.2
10,11,190,6.72
10,11,192,7.62
10,11,194,5.81
10,11,196,7.25
10,11,197,6.13
10,11,198,7.1
10,11,202,8.93
10,11,203,8.28
10,11,204,7.27
10,11,207,6.49
10,11,208,7.89
10,11,211,4.02
10,11,214,9.39
10,11,215,5.55
10,11,216,8.7
10,11,217,7.69
10,11,218,2.98
10,11,219,3.11
10,11,220,10.15
10,11,221,5.85
10,11,222,8.35
10,11,223,2.87
10,11,224,2.79
10,12,225,7.32
10,12,226,5.1
10,12,227,8.94
10,12,228,6.91
10,12,229,2.71
10,12,230,3.33
10,12,231,10.52
10,12,232,8.27
10,12,233,5.72
10,12,234,7.32
10,12,235,11.04
10,12,236,6.91
10,12,237,10.32
10,12,288,11.78
10,12,289,5.26
11,1,22,4.74
11,1,23,4.6
11,1,24,5.21
11,1,25,2.55
11,1,26,5.87
11,1,28,3.15
11,1,30,4.56
11,1,33,6.97
11,1,35,5.34
11,1,36,5.25
11,1,37,5.41
11,1,38,6.22
11,1,254,4.22
11,1,255,5.21
11,1,280,5.5
11,1,281,5.19
11,1,283,4.71
11,2,31,4.44
11,2,34,8.75
11,2,39,10.07
11,2,40,9.83
11,2,45,9.22
11,2,46,3.83
11,2,48,8.75
11,2,49,4.02
11,2,52,8.04
11,3,50,2.56
11,3,53,11.54
11,3,56,5.3
11,3,57,5.05
11,3,58,8.95
11,3,61,5.98
11,3,65,5.34
11,3,240,5.9
11,4,32,3.76
11,4,42,4.95
11,4,44,5.24
11,4,47,5.1
11,4,51,6.12
11,4,54,5.01
11,4,55,3.54
11,4,59,4.7
11,4,62,4.69
11,4,63,5.29
11,4,64,4.54
11,4,66,5.46
11,4,67,2.58
11,4,68,4.42
11,4,69,5.73
11,4,71,4.76
11,4,72,4.31
11,4,262,2.56
11,4,263,3.57
11,4,264,5.2
11,4,267,2.9
11,4,269,3.22
11,5,85,4.61
11,5,87,1.99
11,5,89,7.78
11,5,90,19.74
11,5,91,8.24
11,5,92,1.63
11,5,93,8.13
11,5,94,8.87
11,5,238,6.69
11,5,241,5.29
11,5,242,8.1
11,5,243,9.34
11,5,265,1.63
11,5,266,7.2
11,6,70,4.09
11,6,73,4.5
11,6,74,4.69
11,6,75,4.13
11,6,76,3.94
11,6,77,4.18
11,6,78,8
11,6,79,5.14
11,6,81,8.31
11,6,82,6.11
11,6,83,5.22
11,6,84,3.18
11,6,86,4.21
11,6,88,8.44
11,6,95,8.39
11,6,96,3.75
11,6,97,9.02
11,6,98,8.87
11,6,99,5.59
11,6,100,4.84
11,6,101,7.45
11,6,102,7.48
11,6,103,8.53
11,6,105,8.49
11,6,106,9.33
11,6,110,6.48
11,6,111,7.75
11,6,112,7.3
11,6,115,8.69
11,6,117,9.13
11,6,122,9.82
11,6,244,9.63
11,6,245,11.96
11,6,259,5.31
11,6,268,2.95
11,6,270,5.3
11,6,272,6.43
11,6,273,4.66
11,6,275,6.6
11,6,277,3.65
11,7,104,8.25
11,7,107,8.15
11,7,108,7.1
11,7,109,8.21
11,7,113,6.84
11,7,114,7.36
11,7,116,9.23
11,7,118,7.33
11,7,120,8.31
11,7,123,8.26
11,7,124,7.37
11,7,125,7.1
11,7,126,10.2
11,7,127,7.93
11,7,128,7.43
11,7,129,7.83
11,7,130,6.36
11,7,131,7.47
11,7,132,8.13
11,7,133,7.09
11,7,134,7.24
11,7,136,11.2
11,7,137,11.04
11,7,138,11.03
11,7,139,11.15
11,7,140,11.37
11,7,141,7.17
11,7,142,13.02
11,7,144,4.87
11,7,146,6.22
11,7,147,7.78
11,7,149,10.78
11,7,150,8.82
11,7,151,7.08
11,7,155,9.95
11,7,158,7.02
11,7,159,8.68
11,7,246,9.32
11,7,247,6.93
11,7,248,7.48
11,7,249,7.9
11,7,250,8.26
11,7,286,5
11,8,121,7.2
11,8,135,2.23
11,8,153,2.62
11,8,169,10.42
11,8,170,1.57
11,8,239,10.22
11,8,252,4.22
11,8,260,12.02
11,8,261,14.32
11,8,284,13.8
11,8,287,11.49
11,9,119,6.21
11,9,143,6
11,9,145,5.66
11,9,148,4.89
11,9,152,3.66
11,9,154,7.54
11,9,156,3.33
11,9,157,3.67
11,9,160,8.02
11,9,161,8.2
11,9,162,6.05
11,9,164,5.45
11,9,165,13.92
11,9,180,14.49
11,9,182,5.57
11,9,184,14.12
11,9,185,12.94
11,9,187,4.56
11,9,271,8.1
11,9,274,5.64
11,9,276,17.62
11,9,278,3.66
11,9,285,18.64
11,10,193,16.21
11,10,195,10.14
11,10,201,15.08
11,10,205,12.77
11,10,209,26.99
11,10,212,13.9
11,10,213,10.48
11,10,251,3.91
11,11,168,10.16
11,11,171,9.64
11,11,172,9.86
11,11,173,8.96
11,11,174,9.93
11,11,175,9.9
11,11,176,10.03
11,11,177,7.45
11,11,178,7.48
11,11,179,3.99
11,11,181,8.19
11,11,183,10.24
11,11,189,7.72
11,11,190,8.31
11,11,192,8.51
11,11,194,10.24
11,11,196,15.81
11,11,197,8.45
11,11,198,9.57
11,11,202,10.47
11,11,203,10.67
11,11,204,10.51
11,11,207,10.65
11,11,208,11.24
11,11,211,14.5
11,11,214,12.7
11,11,215,14.7
11,11,216,12.43
11,11,217,23.58
11,11,218,3.67
11,11,219,4.31
11,11,220,11.7
11,11,221,8.04
11,11,222,11.48
11,11,223,3.45
11,11,224,3.31
11,12,225,18.68
11,12,226,10.38
11,12,227,8.5
11,12,228,23.7
11,12,229,3.96
11,12,230,9.98
11,12,231,18.15
11,12,232,9.33
11,12,233,15.02
11,12,234,6.44
11,12,235,14.34
11,12,236,9.47
11,12,237,18.53
11,12,288,23.11
11,12,289,15.6
12,1,22,5.28
12,1,23,5.3
12,1,24,5.29
12,1,25,6.24
12,1,26,6.11
12,1,28,3.35
12,1,30,4.82
12,1,33,7.37
12,1,35,5.45
12,1,36,5.3
12,1,37,5.59
12,1,38,5.84
12,1,254,4.27
12,1,255,5.43
12,1,280,5.59
12,1,281,5.29
12,1,283,5.1
12,2,31,4.89
12,2,34,9.12
12,2,39,10.13
12,2,40,9.25
12,2,45,9.1
12,2,46,3.72
12,2,48,8.42
12,2,49,3.78
12,2,52,8.2
12,3,50,3.05
12,3,53,12.13
12,3,56,6.63
12,3,57,7.7
12,3,58,10.66
12,3,61,6.96
12,3,65,7.07
12,3,240,5.95
12,4,32,3.4
12,4,42,5.18
12,4,44,5.71
12,4,47,4.59
12,4,51,6.11
12,4,54,5.44
12,4,55,4.67
12,4,59,5.92
12,4,62,5.42
12,4,63,6.81
12,4,64,4.95
12,4,66,6.08
12,4,67,4.42
12,4,68,5.09
12,4,69,5.54
12,4,71,5.72
12,4,72,4.62
12,4,262,2.84
12,4,263,4.36
12,4,264,4.49
12,4,267,3.37
12,4,269,3.56
12,5,85,1.47
12,5,87,1.61
12,5,89,7.58
12,5,90,7.28
12,5,91,8.33
12,5,92,0.52
12,5,93,5.97
12,5,94,7.02
12,5,238,5.73
12,5,241,4.6
12,5,242,7.27
12,5,243,8.39
12,5,265,0.52
12,5,266,2.68
12,6,70,4.11
12,6,73,4.17
12,6,74,4.84
12,6,75,4.14
12,6,76,3.8
12,6,77,3.91
12,6,78,7.43
12,6,79,5.01
12,6,81,7.69
12,6,82,6.08
12,6,83,5.29
12,6,84,3.45
12,6,86,4.14
12,6,88,7.49
12,6,95,7.75
12,6,96,4.11
12,6,97,7.46
12,6,98,7.96
12,6,99,5.66
12,6,100,4.94
12,6,101,5.87
12,6,102,6.15
12,6,103,7.55
12,6,105,7.6
12,6,106,8.1
12,6,110,5.99
12,6,111,6.02
12,6,112,6.58
12,6,115,7.34
12,6,117,7.1
12,6,122,7.06
12,6,244,7.96
12,6,245,7.07
12,6,259,4.67
12,6,268,3.06
12,6,270,4.96
12,6,272,6.89
12,6,273,4.72
12,6,275,6.57
12,6,277,3.73
12,7,104,6.27
12,7,107,5.15
12,7,108,5.99
12,7,109,6.73
12,7,113,6.25
12,7,114,6.72
12,7,116,7.04
12,7,118,7.35
12,7,120,7.67
12,7,123,7.34
12,7,124,8.36
12,7,125,7.07
12,7,126,7.56
12,7,127,7.65
12,7,128,7.45
12,7,129,6.55
12,7,130,7.16
12,7,131,7.79
12,7,132,7.23
12,7,133,7.15
12,7,134,7.52
12,7,136,8.13
12,7,137,7.27
12,7,138,7.26
12,7,139,8.34
12,7,140,7.71
12,7,141,7.88
12,7,142,8.11
12,7,144,4.05
12,7,146,5.89
12,7,147,6.45
12,7,149,7.57
12,7,150,7.31
12,7,151,6.4
12,7,155,7.77
12,7,158,6.51
12,7,159,7.98
12,7,246,7.5
12,7,247,13.29
12,7,248,7.48
12,7,249,7.29
12,7,250,9.03
12,7,286,3.94
12,8,121,6.06
12,8,135,0.66
12,8,153,0.86
12,8,169,3.6
12,8,170,0.54
12,8,239,4.77
12,8,252,3.26
12,8,260,4.67
12,8,261,3.7
12,8,284,7.83
12,8,287,4.31
12,9,119,4.63
12,9,143,5.09
12,9,145,5.06
12,9,148,3.85
12,9,152,3.13
12,9,154,6.4
12,9,156,2.72
12,9,157,3.28
12,9,160,6.41
12,9,161,6.97
12,9,162,3.78
12,9,164,4.46
12,9,165,12.03
12,9,180,11.25
12,9,182,4.41
12,9,184,5.32
12,9,185,10.02
12,9,187,3.03
12,9,271,6.58
12,9,274,4.96
12,9,276,14.54
12,9,278,3.13
12,9,285,15.88
12,10,193,4.94
12,10,195,4.44
12,10,201,7.59
12,10,205,6.97
12,10,209,6.7
12,10,212,7.74
12,10,213,6.87
12,10,251,3.09
12,11,168,8.14
12,11,171,9
12,11,172,8.12
12,11,173,7.89
12,11,174,8.09
12,11,175,8.63
12,11,176,7.17
12,11,177,7.43
12,11,178,7.59
12,11,179,3.79
12,11,181,6.93
12,11,183,8.16
12,11,189,6.95
12,11,190,7.18
12,11,192,6.97
12,11,194,6.63
12,11,196,9.01
12,11,197,6.01
12,11,198,8.08
12,11,202,9.15
12,11,203,7.38
12,11,204,8.82
12,11,207,7.99
12,11,208,7.52
12,11,211,5.03
12,11,214,8.83
12,11,215,5.37
12,11,216,7.52
12,11,217,5.76
12,11,218,3.35
12,11,219,3.3
12,11,220,7.71
12,11,221,4.76
12,11,222,6.4
12,11,223,3.16
12,11,224,3.03
12,12,225,5.57
12,12,226,4.67
12,12,227,6.6
12,12,228,4.66
12,12,229,3.02
12,12,230,3.35
12,12,231,6.81
12,12,232,7.06
12,12,233,6.68
12,12,234,5.7
12,12,235,10.99
12,12,236,7.15
12,12,237,11.44
12,12,288,11.98
12,12,289,5.99
13,1,22,5.52
13,1,23,5.88
13,1,24,5.01
13,1,25,6.24
13,1,26,5.55
13,1,28,3
13,1,30,4.25
13,1,33,6.64
13,1,35,4.81
13,1,36,4.76
13,1,37,4.94
13,1,38,7.24
13,1,254,3.83
13,1,255,4.91
13,1,280,5.03
13,1,281,4.67
13,1,283,6.17
13,2,31,4.49
13,2,34,9.77
13,2,39,12.17
13,2,40,12.45
13,2,45,12.25
13,2,46,4.51
13,2,48,12.93
13,2,49,7.34
13,2,52,11.83
13,3,50,4.3
13,3,53,14.33
13,3,56,8.85
13,3,57,8.8
13,3,58,13.21
13,3,61,10
13,3,65,11.45
13,3,240,10.39
13,4,32,3.8
13,4,42,5.6
13,4,44,5.97
13,4,47,6.39
13,4,51,6.61
13,4,54,6.27
13,4,55,4.14
13,4,59,5.38
13,4,62,6.69
13,4,63,6.73
13,4,64,5.33
13,4,66,6.31
13,4,67,6.22
13,4,68,4.93
13,4,69,6.37
13,4,71,5.69
13,4,72,5.06
13,4,262,3.2
13,4,263,5.91
13,4,264,6.53
13,4,267,3.31
13,4,269,3.89
13,5,85,5.63
13,5,87,1.53
13,5,89,7.43
13,5,90,21.84
13,5,91,8.77
13,5,92,1.99
13,5,93,7.52
13,5,94,10.57
13,5,238,6.59
13,5,241,5.33
13,5,242,7.74
13,5,243,8.64
13,5,265,1.84
13,5,266,7.58
13,6,70,4.24
13,6,73,4.3
13,6,74,3.92
13,6,75,4.14
13,6,76,3.91
13,6,77,3.42
13,6,78,7.42
13,6,79,4.63
13,6,81,7.65
13,6,82,5.94
13,6,83,4.75
13,6,84,3.33
13,6,86,4.19
13,6,88,6.58
13,6,95,6.53
13,6,96,4.01
13,6,97,6.61
13,6,98,8.2
13,6,99,4.08
13,6,100,4.7
13,6,101,4.04
13,6,102,3.2
13,6,103,6.6
13,6,105,7.7
13,6,106,7.07
13,6,110,4.39
13,6,111,1.84
13,6,112,2
13,6,115,3.12
13,6,117,2.14
13,6,122,1.01
13,6,244,8.04
13,6,245,6.04
13,6,259,3.22
13,6,268,2.98
13,6,270,4.91
13,6,272,6.69
13,6,273,4.87
13,6,275,6.73
13,6,277,3.73
13,7,104,5.6
13,7,107,6.58
13,7,108,7.55
13,7,109,5.65
13,7,113,7.51
13,7,114,5.58
13,7,116,5.84
13,7,118,5.47
13,7,120,5.05
13,7,123,4.81
13,7,124,5.2
13,7,125,6.48
13,7,126,4.62
13,7,127,5.44
13,7,128,6.04
13,7,129,6.82
13,7,130,4.13
13,7,131,5.88
13,7,132,5.23
13,7,133,4.29
13,7,134,5.26
13,7,136,4.57
13,7,137,4.3
13,7,138,4.54
13,7,139,4.51
13,7,140,4.36
13,7,141,4.9
13,7,142,4.78
13,7,144,3.18
13,7,146,5.2
13,7,147,6.48
13,7,149,4.5
13,7,150,5.17
13,7,151,3.96
13,7,155,4.66
13,7,158,6.72
13,7,159,6.96
13,7,246,4.84
13,7,247,4.08
13,7,248,5.08
13,7,249,5.25
13,7,250,4.82
13,7,286,3.21
13,8,121,3.39
13,8,135,0.13
13,8,153,0.34
13,8,169,2.09
13,8,170,0.29
13,8,239,2.92
13,8,252,3.33
13,8,260,2.28
13,8,261,0.71
13,8,284,6.24
13,8,287,2.83
13,9,119,5.52
13,9,143,5.13
13,9,145,5.26
13,9,148,4.54
13,9,152,3.11
13,9,154,6.3
13,9,156,1.63
13,9,157,3.42
13,9,160,6.92
13,9,161,7.55
13,9,162,4.22
13,9,164,4
13,9,165,12.58
13,9,180,10.09
13,9,182,4.85
13,9,184,5.33
13,9,185,12.88
13,9,187,3.97
13,9,271,7.69
13,9,274,5.07
13,9,276,16.34
13,9,278,3.15
13,9,285,17.28
13,10,193,4.69
13,10,195,4.45
13,10,201,6.84
13,10,205,7.31
13,10,209,5.88
13,10,212,6.66
13,10,213,6.34
13,10,251,3.23
13,11,168,8
13,11,171,6.64
13,11,172,8.32
13,11,173,6.58
13,11,174,8.1
13,11,175,8.75
13,11,176,7.76
13,11,177,5.46
13,11,178,5.87
13,11,179,3.43
13,11,181,6.37
13,11,183,7
13,11,189,5.49
13,11,190,6.63
13,11,192,6.13
13,11,194,6.79
13,11,196,6.64
13,11,197,5.97
13,11,198,6.99
13,11,202,7.67
13,11,203,7.45
13,11,204,6.02
13,11,207,4.38
13,11,208,5.86
13,11,211,3.88
13,11,214,6.69
13,11,215,4.5
13,11,216,6.1
13,11,217,5.06
13,11,218,3.36
13,11,219,3.36
13,11,220,6.81
13,11,221,4.11
13,11,222,5.89
13,11,223,3.22
13,11,224,3.12
13,12,225,4.94
13,12,226,4.05
13,12,227,6.39
13,12,228,4.32
13,12,229,2.91
13,12,230,3.2
13,12,231,6.56
13,12,232,6.26
13,12,233,4.94
13,12,234,6.46
13,12,235,11.63
13,12,236,6.28
13,12,237,12.08
13,12,288,11.34
13,12,289,5.16
14,1,22,4.9
14,1,23,5.06
14,1,24,5.27
14,1,25,2.78
14,1,26,5.94
14,1,28,3.25
14,1,30,4.51
14,1,33,7.02
14,1,35,5.18
14,1,36,5.05
14,1,37,5.42
14,1,38,6.02
14,1,254,4.06
14,1,255,5.15
14,1,280,5.81
14,1,281,5.03
14,1,283,5.15
14,2,31,4.59
14,2,34,8.34
14,2,39,8.55
14,2,40,8.19
14,2,45,6.47
14,2,46,3.51
14,2,48,6.07
14,2,49,1.13
14,2,52,5.68
14,3,50,0.92
14,3,53,8.04
14,3,56,4.14
14,3,57,4.16
14,3,58,7.07
14,3,61,4.51
14,3,65,5.18
14,3,240,4.64
14,4,32,3.42
14,4,42,2.11
14,4,44,3.49
14,4,47,2.18
14,4,51,2.56
14,4,54,1.77
14,4,55,0.8
14,4,59,0.86
14,4,62,1.8
14,4,63,1.39
14,4,64,1.61
14,4,66,1.5
14,4,67,0.94
14,4,68,1.14
14,4,69,1.38
14,4,71,1.79
14,4,72,4.25
14,4,262,0.63
14,4,263,0.96
14,4,264,4.13
14,4,267,2.22
14,4,269,2.81
14,5,85,3.57
14,5,87,1.23
14,5,89,4.7
14,5,90,21.72
14,5,91,4.24
14,5,92,1.33
14,5,93,4.48
14,5,94,5.21
14,5,238,5.83
14,5,241,3.46
14,5,242,5.09
14,5,243,9.04
14,5,265,1.33
14,5,266,6.38
14,6,70,1.97
14,6,73,3.98
14,6,74,2.39
14,6,75,2.18
14,6,76,2.72
14,6,77,2.95
14,6,78,6.81
14,6,79,3.68
14,6,81,7.13
14,6,82,2.96
14,6,83,4.17
14,6,84,2.98
14,6,86,3.5
14,6,88,4.63
14,6,95,4.62
14,6,96,1.67
14,6,97,4.88
14,6,98,7.11
14,6,99,4.03
14,6,100,3.75
14,6,101,2.62
14,6,102,3.41
14,6,103,5.32
14,6,105,6.35
14,6,106,6.53
14,6,110,2.07
14,6,111,1.92
14,6,112,1.86
14,6,115,1.49
14,6,117,1.54
14,6,122,8.84
14,6,244,6.75
14,6,245,8.01
14,6,259,4.99
14,6,268,2.37
14,6,270,4.61
14,6,272,5.86
14,6,273,4.6
14,6,275,5.64
14,6,277,3.8
14,7,104,4.67
14,7,107,4.29
14,7,108,4.19
14,7,109,4.68
14,7,113,4.41
14,7,114,4.83
14,7,116,4.91
14,7,118,5.08
14,7,120,4.97
14,7,123,4.92
14,7,124,5.18
14,7,125,4.91
14,7,126,4.82
14,7,127,4.96
14,7,128,5.06
14,7,129,4.93
14,7,130,4.29
14,7,131,5.06
14,7,132,4.86
14,7,133,4.34
14,7,134,5.11
14,7,136,4.92
14,7,137,4.83
14,7,138,5.07
14,7,139,5.09
14,7,140,4.95
14,7,141,5.02
14,7,142,5.41
14,7,144,3.62
14,7,146,4.34
14,7,147,4.96
14,7,149,4.98
14,7,150,4.87
14,7,151,4.38
14,7,155,4.99
14,7,158,4.67
14,7,159,4.49
14,7,246,4.95
14,7,247,4.29
14,7,248,5.01
14,7,249,4.99
14,7,250,5.05
14,7,286,3.55
14,8,121,3.66
14,8,135,0.79
14,8,153,1.48
14,8,169,3.23
14,8,170,1.27
14,8,239,3.41
14,8,252,3.78
14,8,260,9.01
14,8,261,8.29
14,8,284,7.14
14,8,287,9.86
14,9,119,4.72
14,9,143,4.71
14,9,145,4.94
14,9,148,2.99
14,9,152,2.98
14,9,154,5.02
14,9,156,1.07
14,9,157,3.18
14,9,160,7.18
14,9,161,7.4
14,9,162,3.8
14,9,164,3.76
14,9,165,12.24
14,9,180,9.98
14,9,182,4.71
14,9,184,11.68
14,9,185,11.22
14,9,187,3.25
14,9,271,7.84
14,9,274,3
14,9,276,15.97
14,9,278,2.97
14,9,285,16.81
14,10,193,7.59
14,10,195,4.1
14,10,201,6.59
14,10,205,6.55
14,10,209,9.02
14,10,212,6.54
14,10,213,7.46
14,10,251,2.85
14,11,168,7.73
14,11,171,6.7
14,11,172,8.2
14,11,173,5.37
14,11,174,8.47
14,11,175,8.92
14,11,176,6.52
14,11,177,5.29
14,11,178,4.96
14,11,179,3.33
14,11,181,4.94
14,11,183,8.18
14,11,189,4.64
14,11,190,4.71
14,11,192,4.78
14,11,194,4.95
14,11,196,5.55
14,11,197,4.45
14,11,198,5.57
14,11,202,6.34
14,11,203,5.36
14,11,204,5.87
14,11,207,6.5
14,11,208,5.56
14,11,211,4.37
14,11,214,7.08
14,11,215,4.39
14,11,216,5.78
14,11,217,5.1
14,11,218,3.12
14,11,219,3.21
14,11,220,6.36
14,11,221,4.05
14,11,222,5.79
14,11,223,3.08
14,11,224,2.97
14,12,225,4.94
14,12,226,5.99
14,12,227,6.12
14,12,228,4.27
14,12,229,2.82
14,12,230,3.33
14,12,231,6.11
14,12,232,6.23
14,12,233,5.25
14,12,234,5.47
14,12,235,10.82
14,12,236,6.57
14,12,237,11.63
14,12,288,11.17
14,12,289,5.09
15,1,22,6.11
15,1,23,6.26
15,1,24,4.73
15,1,25,3.29
15,1,26,5.3
15,1,28,2.83
15,1,30,4.12
15,1,33,6.42
15,1,35,4.9
15,1,36,4.75
15,1,37,4.94
15,1,38,7.19
15,1,254,3.82
15,1,255,4.73
15,1,280,4.74
15,1,281,4.76
15,1,283,6.52
15,2,31,4.27
15,2,34,14.17
15,2,39,11.73
15,2,40,10.88
15,2,45,8.57
15,2,46,4.51
15,2,48,7.57
15,2,49,3.23
15,2,52,7.4
15,3,50,3.23
15,3,53,11.35
15,3,56,6.17
15,3,57,5.92
15,3,58,11.16
15,3,61,8.25
15,3,65,8.52
15,3,240,7.17
15,4,32,4.09
15,4,42,5.73
15,4,44,6.1
15,4,47,6.64
15,4,51,7.2
15,4,54,6.18
15,4,55,4.8
15,4,59,6.13
15,4,62,6.78
15,4,63,7.16
15,4,64,6.32
15,4,66,7.85
15,4,67,4.42
15,4,68,5.92
15,4,69,6.16
15,4,71,6.82
15,4,72,5.32
15,4,262,3.48
15,4,263,4.97
15,4,264,5.02
15,4,267,3.91
15,4,269,3.92
15,5,85,3
15,5,87,1.09
15,5,89,5.88
15,5,90,6.69
15,5,91,5.34
15,5,92,1.07
15,5,93,7.34
15,5,94,10.37
15,5,238,3.25
15,5,241,4.3
15,5,242,6.37
15,5,243,7.03
15,5,265,1.06
15,5,266,2.08
15,6,70,4.84
15,6,73,4.94
15,6,74,4.45
15,6,75,4.56
15,6,76,4.41
15,6,77,3.3
15,6,78,7.16
15,6,79,4.62
15,6,81,7.32
15,6,82,6.21
15,6,83,4.8
15,6,84,3.66
15,6,86,4.46
15,6,88,6.23
15,6,95,6.33
15,6,96,4.06
15,6,97,6.35
15,6,98,7.91
15,6,99,3.91
15,6,100,5.29
15,6,101,4.66
15,6,102,6.53
15,6,103,7.48
15,6,105,7.32
15,6,106,8.06
15,6,110,6.48
15,6,111,5.1
15,6,112,7.1
15,6,115,7.13
15,6,117,6.49
15,6,122,3.16
15,6,244,7.58
15,6,245,8.13
15,6,259,4
15,6,268,2.98
15,6,270,5.68
15,6,272,7.1
15,6,273,5.28
15,6,275,6.83
15,6,277,4.63
15,7,104,6.09
15,7,107,6.29
15,7,108,5.89
15,7,109,5.9
15,7,113,8.52
15,7,114,7.86
15,7,116,6.86
15,7,118,8.79
15,7,120,8.37
15,7,123,9.1
15,7,124,7.63
15,7,125,8.37
15,7,126,8.32
15,7,127,7.69
15,7,128,8.4
15,7,129,8.37
15,7,130,7.25
15,7,131,7.99
15,7,132,8.95
15,7,133,7.69
15,7,134,7.75
15,7,136,7.02
15,7,137,7.89
15,7,138,8.48
15,7,139,8.85
15,7,140,7.48
15,7,141,9.14
15,7,142,9.26
15,7,144,4.38
15,7,146,8.49
15,7,147,8.38
15,7,149,8.75
15,7,150,8.58
15,7,151,6.6
15,7,155,8.49
15,7,158,8.15
15,7,159,8.19
15,7,246,8.32
15,7,247,7.06
15,7,248,9.6
15,7,249,7.94
15,7,250,8.19
15,7,286,3.5
15,8,121,5.21
15,8,135,0.64
15,8,153,1.36
15,8,169,7.17
15,8,170,0.95
15,8,239,5.74
15,8,252,3.74
15,8,260,7.22
15,8,261,5.3
15,8,284,10.14
15,8,287,7.29
15,9,119,5.32
15,9,143,5.5
15,9,145,5.51
15,9,148,4.72
15,9,152,3.43
15,9,154,7.07
15,9,156,2.92
15,9,157,3.57
15,9,160,7.72
15,9,161,7.87
15,9,162,5.79
15,9,164,4.68
15,9,165,12.93
15,9,180,12.92
15,9,182,5.13
15,9,184,7.03
15,9,185,9.84
15,9,187,3.53
15,9,271,7.98
15,9,274,5.43
15,9,276,16.83
15,9,278,3.43
15,9,285,16.96
15,10,193,7.07
15,10,195,6.1
15,10,201,9.83
15,10,205,9.2
15,10,209,8.44
15,10,212,9.06
15,10,213,8.02
15,10,251,3.03
15,11,168,9.31
15,11,171,11.36
15,11,172,8.7
15,11,173,7.56
15,11,174,9.23
15,11,175,9.26
15,11,176,9.4
15,11,177,8.89
15,11,178,8.97
15,11,179,4.18
15,11,181,6.94
15,11,183,9.08
15,11,189,7.29
15,11,190,7.35
15,11,192,6.51
15,11,194,9.34
15,11,196,12.68
15,11,197,6.51
15,11,198,8.71
15,11,202,9.49
15,11,203,7.94
15,11,204,9.63
15,11,207,9.05
15,11,208,8.29
15,11,211,8.3
15,11,214,9.54
15,11,215,7.7
15,11,216,8.39
15,11,217,17.32
15,11,218,3.43
15,11,219,3.48
15,11,220,8.32
15,11,221,5.58
15,11,222,8.88
15,11,223,3.4
15,11,224,3.32
15,12,225,13.29
15,12,226,7.26
15,12,227,8.08
15,12,228,14.06
15,12,229,3.42
15,12,230,5.3
15,12,231,11.48
15,12,232,9.47
15,12,233,10.62
15,12,234,6.21
15,12,235,13.41
15,12,236,9.51
15,12,237,14.38
15,12,288,15.15
15,12,289,7.63
16,1,22,4.77
16,1,23,4.82
16,1,24,4.85
16,1,25,2.55
16,1,26,5.51
16,1,28,2.8
16,1,30,3.94
16,1,33,5.82
16,1,35,4.56
16,1,36,4.44
16,1,37,4.76
16,1,38,6.32
16,1,254,3.58
16,1,255,4.43
16,1,280,5.25
16,1,281,4.42
16,1,283,4.94
16,2,31,3.72
16,2,34,9.57
16,2,39,11.29
16,2,40,11.55
16,2,45,11.69
16,2,46,3.69
16,2,48,12.18
16,2,49,8.58
16,2,52,11.36
16,3,50,4.54
16,3,53,13.33
16,3,56,11.45
16,3,57,13.31
16,3,58,14.05
16,3,61,10.36
16,3,65,16.03
16,3,240,11.05
16,4,32,3.31
16,4,42,4.86
16,4,44,5.4
16,4,47,4.97
16,4,51,5.93
16,4,54,4.89
16,4,55,4.64
16,4,59,5.15
16,4,62,6.29
16,4,63,6.42
16,4,64,5.13
16,4,66,7.34
16,4,67,6
16,4,68,3.84
16,4,69,5.92
16,4,71,5.76
16,4,72,4.95
16,4,262,2.91
16,4,263,3.74
16,4,264,6.49
16,4,267,2.48
16,4,269,3.16
16,5,85,5.06
16,5,87,2.29
16,5,89,10.25
16,5,90,10.93
16,5,91,12.16
16,5,92,1.79
16,5,93,9.55
16,5,94,13.83
16,5,238,8.95
16,5,241,6.24
16,5,242,9.22
16,5,243,11.09
16,5,265,2.48
16,5,266,7.37
16,6,70,4.07
16,6,73,4.17
16,6,74,5.19
16,6,75,3.53
16,6,76,3.94
16,6,77,4.37
16,6,78,7.97
16,6,79,5.8
16,6,81,8.31
16,6,82,4.69
16,6,83,5.75
16,6,84,3.78
16,6,86,3.47
16,6,88,9.12
16,6,95,8.33
16,6,96,4.01
16,6,97,8.47
16,6,98,9.17
16,6,99,5.3
16,6,100,4.07
16,6,101,5.16
16,6,102,5.91
16,6,103,8.28
16,6,105,8.19
16,6,106,8.91
16,6,110,7.07
16,6,111,7.41
16,6,112,7.8
16,6,115,8.44
16,6,117,8.34
16,6,122,10.3
16,6,244,8.35
16,6,245,10.92
16,6,259,5.24
16,6,268,3.38
16,6,270,4.8
16,6,272,7.07
16,6,273,5.17
16,6,275,7.35
16,6,277,3.56
16,7,104,9.59
16,7,107,13.12
16,7,108,10.9
16,7,109,10.16
16,7,113,9.59
16,7,114,9.78
16,7,116,10.42
16,7,118,10.56
16,7,120,11.18
16,7,123,10.49
16,7,124,10.01
16,7,125,9.95
16,7,126,10.48
16,7,127,9.72
16,7,128,10.78
16,7,129,9.84
16,7,130,8.76
16,7,131,8.61
16,7,132,10.91
16,7,133,12.54
16,7,134,9.99
16,7,136,9.73
16,7,137,9.68
16,7,138,9.96
16,7,139,11.29
16,7,140,9.66
16,7,141,8.96
16,7,142,10.3
16,7,144,5.43
16,7,146,10.42
16,7,147,8.4
16,7,149,11.75
16,7,150,10.85
16,7,151,22.33
16,7,155,12.03
16,7,158,8.26
16,7,159,8.68
16,7,246,11.69
16,7,247,20.07
16,7,248,9.31
16,7,249,10.82
16,7,250,10.75
16,7,286,5.09
16,8,121,6.63
16,8,135,1.69
16,8,153,1.75
16,8,169,9.16
16,8,170,1.48
16,8,239,7.04
16,8,252,4.97
16,8,260,11.44
16,8,261,6.49
16,8,284,13.65
16,8,287,8.83
16,9,119,5.84
16,9,143,5.65
16,9,145,5.64
16,9,148,4.11
16,9,152,3.44
16,9,154,7.09
16,9,156,3.13
16,9,157,3.66
16,9,160,7.55
16,9,161,8.01
16,9,162,2.91
16,9,164,4.99
16,9,165,14.2
16,9,180,12.95
16,9,182,5.68
16,9,184,8.56
16,9,185,13.06
16,9,187,3.84
16,9,271,6.86
16,9,274,5.73
16,9,276,17.84
16,9,278,3.44
16,9,285,18.07
16,10,193,14.77
16,10,195,9.07
16,10,201,14.24
16,10,205,12.92
16,10,209,19.02
16,10,212,14.35
16,10,213,11
16,10,251,3.84
16,11,168,11.18
16,11,171,10.88
16,11,172,10.5
16,11,173,11.63
16,11,174,10.66
16,11,175,10.32
16,11,176,11.59
16,11,177,10.43
16,11,178,10.69
16,11,179,4.84
16,11,181,9.88
16,11,183,11.61
16,11,189,10.92
16,11,190,10.26
16,11,192,9.75
16,11,194,13.81
16,11,196,8.63
16,11,197,8.67
16,11,198,10.43
16,11,202,10.13
16,11,203,8.43
16,11,204,11.73
16,11,207,10.04
16,11,208,9.29
16,11,211,17.73
16,11,214,12.17
16,11,215,16.55
16,11,216,12.57
16,11,217,18.54
16,11,218,4.2
16,11,219,4.03
16,11,220,11.47
16,11,221,7.59
16,11,222,13.58
16,11,223,4.06
16,11,224,3.94
16,12,225,19.7
16,12,226,13.62
16,12,227,11.12
16,12,228,23.5
16,12,229,4.24
16,12,230,11.19
16,12,231,19.83
16,12,232,11.42
16,12,233,19.23
16,12,234,7.64
16,12,235,13.75
16,12,236,11.42
16,12,237,13.52
16,12,288,18
16,12,289,14.68
17,1,22,5.76
17,1,23,5.42
17,1,24,4.92
17,1,25,2.93
17,1,26,5.43
17,1,28,2.79
17,1,30,3.94
17,1,33,5.92
17,1,35,4.51
17,1,36,4.55
17,1,37,4.62
17,1,38,5.53
17,1,254,3.66
17,1,255,4.55
17,1,280,5.19
17,1,281,4.37
17,1,283,5.71
17,2,31,3.9
17,2,34,9.56
17,2,39,10.3
17,2,40,9.96
17,2,45,8.91
17,2,46,3.87
17,2,48,8.74
17,2,49,4.12
17,2,52,8.36
17,3,50,2.86
17,3,53,11.46
17,3,56,5.88
17,3,57,8.16
17,3,58,10.5
17,3,61,6.46
17,3,65,7.07
17,3,240,6.75
17,4,32,3.36
17,4,42,3.66
17,4,44,3.27
17,4,47,4.22
17,4,51,5.1
17,4,54,3.93
17,4,55,2.33
17,4,59,3.27
17,4,62,4.31
17,4,63,3.87
17,4,64,3.43
17,4,66,3.8
17,4,67,4.05
17,4,68,3.75
17,4,69,4.89
17,4,71,4.64
17,4,72,4.9
17,4,262,1.79
17,4,263,3.6
17,4,264,5.98
17,4,267,3.45
17,4,269,3.25
17,5,85,6.01
17,5,87,1.72
17,5,89,8.09
17,5,90,24.82
17,5,91,6.48
17,5,92,2.12
17,5,93,7.89
17,5,94,10.78
17,5,238,6.36
17,5,241,4.95
17,5,242,6.95
17,5,243,9.46
17,5,265,2.12
17,5,266,8.47
17,6,70,4.26
17,6,73,4.48
17,6,74,4.08
17,6,75,4.35
17,6,76,4.1
17,6,77,3.61
17,6,78,7.14
17,6,79,4.3
17,6,81,7.44
17,6,82,6.65
17,6,83,4.21
17,6,84,3.15
17,6,86,4.3
17,6,88,7.37
17,6,95,6.85
17,6,96,3.63
17,6,97,7.25
17,6,98,8.17
17,6,99,4.57
17,6,100,4.39
17,6,101,5.85
17,6,102,5.6
17,6,103,7.65
17,6,105,8.2
17,6,106,9.24
17,6,110,5.43
17,6,111,4.77
17,6,112,5.95
17,6,115,5.9
17,6,117,5.43
17,6,122,9.92
17,6,244,8.53
17,6,245,12.21
17,6,259,5.3
17,6,268,2.77
17,6,270,5.56
17,6,272,6.45
17,6,273,4.7
17,6,275,6.61
17,6,277,3.89
17,7,104,7.67
17,7,107,10.73
17,7,108,8.24
17,7,109,7.8
17,7,113,7.83
17,7,114,7.49
17,7,116,7.34
17,7,118,7.46
17,7,120,7.63
17,7,123,7.54
17,7,124,7.55
17,7,125,7.8
17,7,126,7.34
17,7,127,7.38
17,7,128,8.3
17,7,129,8.56
17,7,130,7.93
17,7,131,8.71
17,7,132,7.92
17,7,133,7.82
17,7,134,7.79
17,7,136,6.86
17,7,137,7.05
17,7,138,7.83
17,7,139,7.55
17,7,140,6.93
17,7,141,7.86
17,7,142,8.56
17,7,144,4.27
17,7,146,7.73
17,7,147,8.65
17,7,149,8.06
17,7,150,7.97
17,7,151,6.79
17,7,155,7.8
17,7,158,8.06
17,7,159,8.06
17,7,246,7.85
17,7,247,5.32
17,7,248,7.83
17,7,249,8.17
17,7,250,7.79
17,7,286,3.87
17,8,121,4.25
17,8,135,1.59
17,8,153,1.94
17,8,169,4.88
17,8,170,1.59
17,8,239,5.58
17,8,252,4.51
17,8,260,12.05
17,8,261,10.89
17,8,284,13.51
17,8,287,11
17,9,119,5.64
17,9,143,4.65
17,9,145,4.54
17,9,148,3.15
17,9,152,2.87
17,9,154,5.91
17,9,156,2.21
17,9,157,2.93
17,9,160,6.34
17,9,161,6.83
17,9,162,4.1
17,9,164,4.04
17,9,165,11.39
17,9,180,11.18
17,9,182,4.79
17,9,184,5.23
17,9,185,8.28
17,9,187,3.06
17,9,271,6.92
17,9,274,4.23
17,9,276,14.21
17,9,278,2.87
17,9,285,15.32
17,10,193,13.61
17,10,195,4.89
17,10,201,12.66
17,10,205,12.52
17,10,209,23.99
17,10,212,10.56
17,10,213,6.94
17,10,251,3.55
17,11,168,8.39
17,11,171,10.14
17,11,172,8.27
17,11,173,7.9
17,11,174,8.12
17,11,175,8.23
17,11,176,7.9
17,11,177,8.94
17,11,178,8.09
17,11,179,4.04
17,11,181,7.32
17,11,183,8.33
17,11,189,8.57
17,11,190,7.47
17,11,192,6.95
17,11,194,7.63
17,11,196,11.28
17,11,197,6.55
17,11,198,7.79
17,11,202,9.09
17,11,203,8.24
17,11,204,8.22
17,11,207,7.7
17,11,208,7.93
17,11,211,4.33
17,11,214,8.62
17,11,215,5.38
17,11,216,7.61
17,11,217,6
17,11,218,3.21
17,11,219,3.18
17,11,220,8.34
17,11,221,5.14
17,11,222,7.21
17,11,223,3.19
17,11,224,3.12
17,12,225,5.7
17,12,226,5.19
17,12,227,6.99
17,12,228,5.09
17,12,229,3.02
17,12,230,6.72
17,12,231,7.49
17,12,232,7.92
17,12,233,6.15
17,12,234,6.3
17,12,235,12.58
17,12,236,7.27
17,12,237,12.34
17,12,288,13.02
17,12,289,7.02
18,1,22,5.55
18,1,23,5.49
18,1,24,4.9
18,1,25,2.9
18,1,26,5.5
18,1,28,3.01
18,1,30,3.98
18,1,33,6.13
18,1,35,4.64
18,1,36,4.49
18,1,37,4.75
18,1,38,7.38
18,1,254,3.61
18,1,255,4.64
18,1,280,5.55
18,1,281,4.5
18,1,283,5.68
18,2,31,4.25
18,2,34,9.86
18,2,39,12.05
18,2,40,12.15
18,2,45,11.77
18,2,46,4.8
18,2,48,11.68
18,2,49,7.54
18,2,52,10.71
18,3,50,4.87
18,3,53,13.77
18,3,56,7.14
18,3,57,7.12
18,3,58,12.41
18,3,61,9.04
18,3,65,8.84
18,3,240,7.69
18,4,32,4.02
18,4,42,6.05
18,4,44,6.07
18,4,47,6.95
18,4,51,6.81
18,4,54,6.5
18,4,55,5.12
18,4,59,6.36
18,4,62,7.32
18,4,63,7.82
18,4,64,6.73
18,4,66,8.56
18,4,67,5.44
18,4,68,6.79
18,4,69,6.42
18,4,71,7.05
18,4,72,6.17
18,4,262,3.79
18,4,263,5.71
18,4,264,7.53
18,4,267,4.19
18,4,269,3.96
18,5,85,8.5
18,5,87,2.58
18,5,89,10.82
18,5,90,35.17
18,5,91,13.7
18,5,92,3.01
18,5,93,10.53
18,5,94,15.34
18,5,238,9.67
18,5,241,7.07
18,5,242,9.58
18,5,243,11.59
18,5,265,3.01
18,5,266,12.58
18,6,70,4.52
18,6,73,4.88
18,6,74,5.89
18,6,75,4.66
18,6,76,4.5
18,6,77,4.82
18,6,78,8.19
18,6,79,6.28
18,6,81,8.53
18,6,82,7.03
18,6,83,5.96
18,6,84,3.88
18,6,86,4.7
18,6,88,9.95
18,6,95,9.05
18,6,96,4.59
18,6,97,10.16
18,6,98,9.35
18,6,99,6.41
18,6,100,5.57
18,6,101,8.39
18,6,102,8.35
18,6,103,9.36
18,6,105,9.06
18,6,106,10.18
18,6,110,7.9
18,6,111,8.04
18,6,112,8.34
18,6,115,9.5
18,6,117,9.67
18,6,122,14.35
18,6,244,10.07
18,6,245,14.37
18,6,259,5.76
18,6,268,3.6
18,6,270,6.01
18,6,272,7.94
18,6,273,5.37
18,6,275,7.77
18,6,277,4.4
18,7,104,10.76
18,7,107,15.27
18,7,108,11.6
18,7,109,10.46
18,7,113,9.75
18,7,114,10.16
18,7,116,9.52
18,7,118,9.32
18,7,120,7.6
18,7,123,10.19
18,7,124,10.07
18,7,125,7.49
18,7,126,10.56
18,7,127,8.86
18,7,128,8.27
18,7,129,8.11
18,7,130,9.93
18,7,131,8.38
18,7,132,8.03
18,7,133,11.93
18,7,134,9.07
18,7,136,11.12
18,7,137,9.81
18,7,138,7.97
18,7,139,9.42
18,7,140,11.37
18,7,141,7.31
18,7,142,10.09
18,7,144,4.26
18,7,146,10.17
18,7,147,9.34
18,7,149,10.06
18,7,150,8.06
18,7,151,9.06
18,7,155,7.95
18,7,158,9.14
18,7,159,8.32
18,7,246,8.17
18,7,247,9.83
18,7,248,7.93
18,7,249,8.27
18,7,250,8.76
18,7,286,4.92
18,8,121,7.04
18,8,135,2.47
18,8,153,2.95
18,8,169,6.17
18,8,170,2.08
18,8,239,9.53
18,8,252,4.94
18,8,260,14.39
18,8,261,16.47
18,8,284,15.85
18,8,287,13.56
18,9,119,5.99
18,9,143,5.94
18,9,145,5.81
18,9,148,4.86
18,9,152,3.62
18,9,154,7.46
18,9,156,3.27
18,9,157,3.77
18,9,160,8.26
18,9,161,8.46
18,9,162,6.78
18,9,164,5.22
18,9,165,13.13
18,9,180,10.98
18,9,182,5.04
18,9,184,9.17
18,9,185,13.27
18,9,187,4.05
18,9,271,8.61
18,9,274,5.55
18,9,276,17.36
18,9,278,3.62
18,9,285,17.88
18,10,193,9.59
18,10,195,5.04
18,10,201,11.79
18,10,205,10.87
18,10,209,13.33
18,10,212,9.42
18,10,213,8.75
18,10,251,3.38
18,11,168,9.87
18,11,171,8.17
18,11,172,9.02
18,11,173,6.39
18,11,174,9.09
18,11,175,9.1
18,11,176,7.41
18,11,177,7.9
18,11,178,8.12
18,11,179,3.73
18,11,181,7.43
18,11,183,9.26
18,11,189,6.94
18,11,190,6.27
18,11,192,7.7
18,11,194,6.83
18,11,196,12.48
18,11,197,7.68
18,11,198,8.17
18,11,202,8.8
18,11,203,9.63
18,11,204,8.39
18,11,207,7.88
18,11,208,6.81
18,11,211,5.38
18,11,214,8.3
18,11,215,6.03
18,11,216,7.43
18,11,217,6.43
18,11,218,3.63
18,11,219,3.42
18,11,220,8.71
18,11,221,5.12
18,11,222,8.1
18,11,223,3.44
18,11,224,3.31
18,12,225,7.37
18,12,226,7.57
18,12,227,8.25
18,12,228,6.39
18,12,229,3.08
18,12,230,7.66
18,12,231,9.33
18,12,232,7.91
18,12,233,10.92
18,12,234,5.7
18,12,235,12.4
18,12,236,6.87
18,12,237,12.56
18,12,288,13.4
18,12,289,7.11
19,1,22,5.86
19,1,23,5.84
19,1,24,5.49
19,1,25,2.98
19,1,26,6.25
19,1,28,3.33
19,1,30,4.39
19,1,33,6.57
19,1,35,4.98
19,1,36,4.83
19,1,37,5.07
19,1,38,6.01
19,1,254,3.89
19,1,255,4.98
19,1,280,6.02
19,1,281,4.83
19,1,283,5.52
19,2,31,4.38
19,2,34,9.99
19,2,39,11.78
19,2,40,12.7
19,2,45,11.87
19,2,46,4.74
19,2,48,11.26
19,2,49,7.1
19,2,52,10
19,3,50,4.99
19,3,53,12.73
19,3,56,8.11
19,3,57,7.49
19,3,58,13.35
19,3,61,6.66
19,3,65,6.11
19,3,240,8.47
19,4,32,3.72
19,4,42,3.97
19,4,44,5.72
19,4,47,6.14
19,4,51,5.38
19,4,54,5.21
19,4,55,4.85
19,4,59,6.09
19,4,62,6.84
19,4,63,7.2
19,4,64,5.56
19,4,66,7.59
19,4,67,5.74
19,4,68,6.47
19,4,69,6.61
19,4,71,6.71
19,4,72,5.1
19,4,262,3.17
19,4,263,5.9
19,4,264,4.93
19,4,267,3.82
19,4,269,3.73
19,5,85,6.45
19,5,87,2.24
19,5,89,8.85
19,5,90,27.26
19,5,91,8.15
19,5,92,2.35
19,5,93,8.62
19,5,94,11.4
19,5,238,7.89
19,5,241,5.78
19,5,242,8.76
19,5,243,10.44
19,5,265,2.32
19,5,266,10.36
19,6,70,4.7
19,6,73,4.56
19,6,74,5.11
19,6,75,4.55
19,6,76,4.7
19,6,77,4.38
19,6,78,7.94
19,6,79,5.62
19,6,81,8.25
19,6,82,6.78
19,6,83,5.63
19,6,84,3.78
19,6,86,4.85
19,6,88,9.09
19,6,95,8.79
19,6,96,4.54
19,6,97,9.19
19,6,98,9.05
19,6,99,6.19
19,6,100,5.68
19,6,101,7.68
19,6,102,8.59
19,6,103,8.75
19,6,105,8.71
19,6,106,9.7
19,6,110,7.71
19,6,111,8.13
19,6,112,8.25
19,6,115,9.51
19,6,117,9.42
19,6,122,14.64
19,6,244,9.8
19,6,245,12.87
19,6,259,6.1
19,6,268,3.33
19,6,270,5.92
19,6,272,7.67
19,6,273,5.42
19,6,275,7.7
19,6,277,4.58
19,7,104,9.86
19,7,107,12.77
19,7,108,10.72
19,7,109,10.84
19,7,113,8.31
19,7,114,8.1
19,7,116,9.97
19,7,118,8.56
19,7,120,9.59
19,7,123,8.76
19,7,124,7.52
19,7,125,7.74
19,7,126,10.75
19,7,127,8.52
19,7,128,7.35
19,7,129,8.91
19,7,130,9.82
19,7,131,7.67
19,7,132,9.55
19,7,133,11.14
19,7,134,7.27
19,7,136,10.52
19,7,137,10.47
19,7,138,10.21
19,7,139,10.75
19,7,140,10.37
19,7,141,8.38
19,7,142,10.68
19,7,144,4.91
19,7,146,8.7
19,7,147,9.28
19,7,149,9.95
19,7,150,9.52
19,7,151,8.19
19,7,155,9.57
19,7,158,8.65
19,7,159,9.25
19,7,246,9.33
19,7,247,10.28
19,7,248,8.83
19,7,249,9.24
19,7,250,7.53
19,7,286,4.97
19,8,121,7.33
19,8,135,2.42
19,8,153,3.1
19,8,169,10.48
19,8,170,2.08
19,8,239,8.37
19,8,252,4.28
19,8,260,13.58
19,8,261,13.35
19,8,284,15.2
19,8,287,13.33
19,9,119,6.5
19,9,143,5.99
19,9,145,6.21
19,9,148,5.32
19,9,152,3.65
19,9,154,7.52
19,9,156,3.53
19,9,157,4.04
19,9,160,8.77
19,9,161,9.08
19,9,162,7.04
19,9,164,5.72
19,9,165,13.94
19,9,180,13.41
19,9,182,5.31
19,9,184,17.13
19,9,185,14.87
19,9,187,5.71
19,9,271,9.4
19,9,274,5.91
19,9,276,19.92
19,9,278,3.65
19,9,285,19.75
19,10,193,19.12
19,10,195,9.89
19,10,201,13.79
19,10,205,13.12
19,10,209,19.41
19,10,212,12.24
19,10,213,11.38
19,10,251,3.93
19,11,168,10.56
19,11,171,8.91
19,11,172,9.72
19,11,173,7.35
19,11,174,9.84
19,11,175,9.73
19,11,176,10.08
19,11,177,7.69
19,11,178,7.84
19,11,179,3.59
19,11,181,7.88
19,11,183,10.25
19,11,189,5.37
19,11,190,6.38
19,11,192,7.59
19,11,194,8.12
19,11,196,10.94
19,11,197,8.01
19,11,198,9.28
19,11,202,11.66
19,11,203,10.26
19,11,204,10.03
19,11,207,9.99
19,11,208,9.16
19,11,211,5.61
19,11,214,10.77
19,11,215,5.72
19,11,216,8.03
19,11,217,7.89
19,11,218,3.63
19,11,219,3.6
19,11,220,9.06
19,11,221,5.09
19,11,222,7.53
19,11,223,3.31
19,11,224,3.14
19,12,225,6.43
19,12,226,5.1
19,12,227,9.26
19,12,228,5.72
19,12,229,3.14
19,12,230,4.1
19,12,231,11.2
19,12,232,8.94
19,12,233,6.66
19,12,234,7.06
19,12,235,12.37
19,12,236,7.65
19,12,237,14.52
19,12,288,13.15
19,12,289,9.4
20,1,22,6.24
20,1,23,6.18
20,1,24,4.84
20,1,25,6.94
20,1,26,5.51
20,1,28,3.17
20,1,30,4.2
20,1,33,6.54
20,1,35,4.88
20,1,36,4.74
20,1,37,4.99
20,1,38,6.26
20,1,254,3.81
20,1,255,4.75
20,1,280,5.43
20,1,281,4.74
20,1,283,6.71
20,2,31,4.53
20,2,34,9.62
20,2,39,11.52
20,2,40,11.37
20,2,45,10.64
20,2,46,4.08
20,2,48,9.48
20,2,49,5.05
20,2,52,8.72
20,3,50,3.58
20,3,53,11.43
20,3,56,7.26
20,3,57,6.77
20,3,58,11.16
20,3,61,6.7
20,3,65,6.23
20,3,240,7.87
20,4,32,3.72
20,4,42,4.95
20,4,44,5.17
20,4,47,5.48
20,4,51,5.87
20,4,54,4.96
20,4,55,4.19
20,4,59,4.88
20,4,62,5.54
20,4,63,6.03
20,4,64,5.2
20,4,66,6.65
20,4,67,4.88
20,4,68,5.02
20,4,69,5.32
20,4,71,5.26
20,4,72,3.82
20,4,262,2.82
20,4,263,5.02
20,4,264,3.51
20,4,267,3.13
20,4,269,3.07
20,5,85,4.37
20,5,87,1.31
20,5,89,7.01
20,5,90,20.89
20,5,91,7.14
20,5,92,1.6
20,5,93,6.75
20,5,94,8.79
20,5,238,5.1
20,5,241,4.17
20,5,242,7.24
20,5,243,8.3
20,5,265,1.59
20,5,266,7.41
20,6,70,3.98
20,6,73,4.37
20,6,74,2.73
20,6,75,2.14
20,6,76,3.1
20,6,77,2.9
20,6,78,6.67
20,6,79,3.96
20,6,81,6.88
20,6,82,4.2
20,6,83,3.72
20,6,84,2.69
20,6,86,3.29
20,6,88,6.25
20,6,95,5.68
20,6,96,2.28
20,6,97,5.81
20,6,98,7.3
20,6,99,4.06
20,6,100,3.44
20,6,101,2.63
20,6,102,3.34
20,6,103,5.53
20,6,105,5.59
20,6,106,5.56
20,6,110,2.89
20,6,111,3.29
20,6,112,2.65
20,6,115,3.8
20,6,117,3.03
20,6,122,4.41
20,6,244,6.27
20,6,245,7.87
20,6,259,3.45
20,6,268,2.44
20,6,270,4.52
20,6,272,5.51
20,6,273,4.14
20,6,275,5.34
20,6,277,3.91
20,7,104,5.34
20,7,107,5.54
20,7,108,4.56
20,7,109,5.86
20,7,113,5.62
20,7,114,5.89
20,7,116,6.24
20,7,118,5.06
20,7,120,4.74
20,7,123,4.71
20,7,124,4.75
20,7,125,5.43
20,7,126,4.9
20,7,127,4.93
20,7,128,4.85
20,7,129,5.38
20,7,130,4.42
20,7,131,6.21
20,7,132,5.05
20,7,133,4.17
20,7,134,4.53
20,7,136,5.4
20,7,137,4.86
20,7,138,5.5
20,7,139,5.15
20,7,140,4.91
20,7,141,5.31
20,7,142,5.72
20,7,144,3.56
20,7,146,4.9
20,7,147,5.65
20,7,149,5.03
20,7,150,4.94
20,7,151,4.09
20,7,155,5.26
20,7,158,5.97
20,7,159,4.73
20,7,246,5.05
20,7,247,4.04
20,7,248,5.09
20,7,249,4.93
20,7,250,5.09
20,7,286,3.73
20,8,121,3.03
20,8,135,0.19
20,8,153,0.44
20,8,169,1.82
20,8,170,0.27
20,8,239,3.76
20,8,252,3.27
20,8,260,2.1
20,8,261,1.52
20,8,284,6.01
20,8,287,2.68
20,9,119,4.81
20,9,143,4.1
20,9,145,4.24
20,9,148,1.68
20,9,152,2.55
20,9,154,4.69
20,9,156,1.47
20,9,157,2.79
20,9,160,5.83
20,9,161,6.33
20,9,162,2.53
20,9,164,3.4
20,9,165,10.94
20,9,180,7.67
20,9,182,4.6
20,9,184,4.81
20,9,185,6.08
20,9,187,3.19
20,9,271,6.58
20,9,274,2.91
20,9,276,13.86
20,9,278,2.51
20,9,285,14.81
20,10,193,4.42
20,10,195,3.95
20,10,201,6.17
20,10,205,6.06
20,10,209,6.47
20,10,212,6.41
20,10,213,5.52
20,10,251,3.06
20,11,168,5.98
20,11,171,6.48
20,11,172,7.52
20,11,173,5.36
20,11,174,5.8
20,11,175,8.39
20,11,176,5.42
20,11,177,6
20,11,178,6.1
20,11,179,3.53
20,11,181,5.67
20,11,183,5.27
20,11,189,4.91
20,11,190,4.84
20,11,192,4.61
20,11,194,4.63
20,11,196,5.75
20,11,197,4.44
20,11,198,4.82
20,11,202,6.48
20,11,203,5.13
20,11,204,5.03
20,11,207,4.05
20,11,208,4.84
20,11,211,3.89
20,11,214,5.65
20,11,215,4.22
20,11,216,5.1
20,11,217,5.14
20,11,218,3.25
20,11,219,3.24
20,11,220,5.77
20,11,221,3.57
20,11,222,5.13
20,11,223,3.2
20,11,224,3.17
20,12,225,4.67
20,12,226,4.22
20,12,227,5.33
20,12,228,4.24
20,12,229,2.94
20,12,230,3.03
20,12,231,5.51
20,12,232,5.91
20,12,233,4.73
20,12,234,6.33
20,12,235,11.64
20,12,236,5.99
20,12,237,11.17
20,12,288,11.43
20,12,289,4.92
21,1,22,6.15
21,1,23,6.23
21,1,24,5.19
21,1,25,3.4
21,1,26,5.84
21,1,28,3.32
21,1,30,4.39
21,1,33,6.47
21,1,35,5.11
21,1,36,4.89
21,1,37,5.52
21,1,38,6.04
21,1,254,3.94
21,1,255,4.87
21,1,280,5.83
21,1,281,4.96
21,1,283,6.22
21,2,31,4.4
21,2,34,9.59
21,2,39,11.52
21,2,40,10.96
21,2,45,10.98
21,2,46,4.11
21,2,48,11.02
21,2,49,6.85
21,2,52,10.54
21,3,50,4.51
21,3,53,13.74
21,3,56,8.9
21,3,57,8.49
21,3,58,13.37
21,3,61,10.14
21,3,65,11.63
21,3,240,10.43
21,4,32,3.89
21,4,42,5.34
21,4,44,5.49
21,4,47,4.79
21,4,51,6.28
21,4,54,5.89
21,4,55,4.08
21,4,59,5.24
21,4,62,6.46
21,4,63,6.76
21,4,64,5.45
21,4,66,6.9
21,4,67,6.02
21,4,68,5.63
21,4,69,6.13
21,4,71,5.85
21,4,72,5.02
21,4,262,3.23
21,4,263,5.62
21,4,264,6.6
21,4,267,3.58
21,4,269,3.54
21,5,85,6.61
21,5,87,2.37
21,5,89,9.97
21,5,90,14.05
21,5,91,8.02
21,5,92,2.09
21,5,93,9.14
21,5,94,11.1
21,5,238,9.07
21,5,241,6.28
21,5,242,8.91
21,5,243,11.03
21,5,265,1.7
21,5,266,6.66
21,6,70,4.13
21,6,73,4.37
21,6,74,5.04
21,6,75,4.28
21,6,76,4.02
21,6,77,4.53
21,6,78,8.52
21,6,79,5.96
21,6,81,8.86
21,6,82,6.23
21,6,83,5.35
21,6,84,3.44
21,6,86,4.22
21,6,88,9.04
21,6,95,8.02
21,6,96,4
21,6,97,8.58
21,6,98,8.83
21,6,99,5.34
21,6,100,5.4
21,6,101,5.94
21,6,102,7.99
21,6,103,8.13
21,6,105,8.55
21,6,106,9.09
21,6,110,7.39
21,6,111,4.54
21,6,112,8.04
21,6,115,8.93
21,6,117,10.24
21,6,122,10.44
21,6,244,9.28
21,6,245,9.57
21,6,259,5.89
21,6,268,3.37
21,6,270,5.08
21,6,272,7.08
21,6,273,4.99
21,6,275,7.12
21,6,277,3.61
21,7,104,9.78
21,7,107,10.53
21,7,108,10.91
21,7,109,9.18
21,7,113,9.49
21,7,114,9.9
21,7,116,10.27
21,7,118,9.47
21,7,120,9.59
21,7,123,11.71
21,7,124,11.01
21,7,125,10.54
21,7,126,11.17
21,7,127,11.86
21,7,128,11.12
21,7,129,9.2
21,7,130,14.05
21,7,131,10.79
21,7,132,12.04
21,7,133,18.03
21,7,134,11.28
21,7,136,12.24
21,7,137,11.99
21,7,138,12.86
21,7,139,12.35
21,7,140,12.68
21,7,141,11.34
21,7,142,14.35
21,7,144,5.51
21,7,146,9.69
21,7,147,8.59
21,7,149,12.99
21,7,150,11.75
21,7,151,16.14
21,7,155,12.44
21,7,158,9.51
21,7,159,9.47
21,7,246,12.22
21,7,247,12.66
21,7,248,12.1
21,7,249,12.21
21,7,250,11.94
21,7,286,5.62
21,8,121,7.53
21,8,135,2.43
21,8,153,2.88
21,8,169,14.99
21,8,170,2.23
21,8,239,10.15
21,8,252,4.45
21,8,260,15.51
21,8,261,15.55
21,8,284,16.89
21,8,287,15.27
21,9,119,5.74
21,9,143,6.14
21,9,145,5.71
21,9,148,4.82
21,9,152,3.75
21,9,154,7.72
21,9,156,3.21
21,9,157,3.76
21,9,160,8.76
21,9,161,8.78
21,9,162,5.53
21,9,164,5.67
21,9,165,14.94
21,9,180,15.06
21,9,182,5.47
21,9,184,17.74
21,9,185,14.97
21,9,187,5.6
21,9,271,8.61
21,9,274,5.56
21,9,276,19.15
21,9,278,3.75
21,9,285,19.42
21,10,193,14.07
21,10,195,12.25
21,10,201,16.81
21,10,205,14.67
21,10,209,18.24
21,10,212,16.12
21,10,213,12.98
21,10,251,3.71
21,11,168,12.25
21,11,171,12.48
21,11,172,10.65
21,11,173,11.55
21,11,174,9.46
21,11,175,10.63
21,11,176,13.67
21,11,177,10.88
21,11,178,11.04
21,11,179,4.36
21,11,181,9.41
21,11,183,12.56
21,11,189,8.83
21,11,190,9.96
21,11,192,9.72
21,11,194,11.35
21,11,196,13.13
21,11,197,9.49
21,11,198,10.72
21,11,202,12.33
21,11,203,11.36
21,11,204,11.81
21,11,207,11.09
21,11,208,8.71
21,11,211,10.64
21,11,214,12.24
21,11,215,11.8
21,11,216,10.74
21,11,217,10.9
21,11,218,3.41
21,11,219,3.41
21,11,220,13.58
21,11,221,6.72
21,11,222,11.3
21,11,223,3.39
21,11,224,3.3
21,12,225,15.65
21,12,226,11.49
21,12,227,13.48
21,12,228,23.79
21,12,229,3.9
21,12,230,13.1
21,12,231,24.13
21,12,232,14.64
21,12,233,25.74
21,12,234,8.74
21,12,235,36.22
21,12,236,32.29
21,12,237,43.82
21,12,288,42.84
21,12,289,15.7
22,1,22,5.77
22,1,23,6.11
22,1,24,5.35
22,1,25,3.4
22,1,26,5.81
22,1,28,3.23
22,1,30,4.29
22,1,33,6.93
22,1,35,5.37
22,1,36,5.09
22,1,37,5.47
22,1,38,7.22
22,1,254,4.09
22,1,255,5.06
22,1,280,5.67
22,1,281,5.21
22,1,283,6.27
22,2,31,4.59
22,2,34,10.07
22,2,39,12.55
22,2,40,12.08
22,2,45,13.06
22,2,46,4.1
22,2,48,13.08
22,2,49,11.25
22,2,52,12.25
22,3,50,5.24
22,3,53,13.86
22,3,56,12.76
22,3,57,13.93
22,3,58,15.19
22,3,61,11.29
22,3,65,16.77
22,3,240,13.91
22,4,32,3.91
22,4,42,5.39
22,4,44,5.59
22,4,47,5.65
22,4,51,6.03
22,4,54,5.7
22,4,55,4.97
22,4,59,5.76
22,4,62,6.49
22,4,63,7.15
22,4,64,5.9
22,4,66,7.94
22,4,67,7.89
22,4,68,6
22,4,69,5.89
22,4,71,5.9
22,4,72,5.25
22,4,262,3.24
22,4,263,5.75
22,4,264,6.89
22,4,267,3.72
22,4,269,3.36
22,5,85,7.45
22,5,87,2.48
22,5,89,9.92
22,5,90,39.39
22,5,91,10.84
22,5,92,2.71
22,5,93,10.26
22,5,94,11.3
22,5,238,10.17
22,5,241,7.04
22,5,242,9.68
22,5,243,11.62
22,5,265,2.71
22,5,266,12.63
22,6,70,4.13
22,6,73,4.53
22,6,74,4.96
22,6,75,4.33
22,6,76,3.99
22,6,77,4.6
22,6,78,8.19
22,6,79,6.18
22,6,81,8.57
22,6,82,6.5
22,6,83,5.9
22,6,84,3.49
22,6,86,4.29
22,6,88,9.31
22,6,95,9.49
22,6,96,4.43
22,6,97,10
22,6,98,10.05
22,6,99,6.57
22,6,100,5.47
22,6,101,8.29
22,6,102,8.3
22,6,103,9.6
22,6,105,9.37
22,6,106,10.33
22,6,110,7.26
22,6,111,8.43
22,6,112,7.66
22,6,115,9.45
22,6,117,10.71
22,6,122,14.2
22,6,244,10.85
22,6,245,14.06
22,6,259,5.95
22,6,268,3.31
22,6,270,5.29
22,6,272,6.95
22,6,273,4.73
22,6,275,6.78
22,6,277,3.76
22,7,104,10.47
22,7,107,10.94
22,7,108,11.52
22,7,109,10.68
22,7,113,10.24
22,7,114,10.85
22,7,116,10.09
22,7,118,9.89
22,7,120,9.74
22,7,123,11.26
22,7,124,10.9
22,7,125,11.03
22,7,126,10.6
22,7,127,11.28
22,7,128,11.21
22,7,129,11.27
22,7,130,7.01
22,7,131,10.18
22,7,132,10.05
22,7,133,7.36
22,7,134,10.77
22,7,136,9.65
22,7,137,10
22,7,138,10.86
22,7,139,10.23
22,7,140,10.18
22,7,141,10.25
22,7,142,11.5
22,7,144,4.61
22,7,146,10.95
22,7,147,11.52
22,7,149,10.23
22,7,150,10.02
22,7,151,6.29
22,7,155,10.55
22,7,158,10.54
22,7,159,8.57
22,7,246,10.15
22,7,247,7.91
22,7,248,10.77
22,7,249,10.82
22,7,250,10.69
22,7,286,3.77
22,8,121,7.13
22,8,135,2.05
22,8,153,2.63
22,8,169,11.85
22,8,170,1.77
22,8,239,10.37
22,8,252,4.87
22,8,260,12.58
22,8,261,18.34
22,8,284,13.85
22,8,287,13.25
22,9,119,5.57
22,9,143,5.95
22,9,145,5.73
22,9,148,4.84
22,9,152,3.63
22,9,154,7.47
22,9,156,3.37
22,9,157,3.76
22,9,160,9
22,9,161,8.88
22,9,162,6.28
22,9,164,5.49
22,9,165,14.01
22,9,180,13.98
22,9,182,5.31
22,9,184,15.11
22,9,185,12.28
22,9,187,5.34
22,9,271,8.63
22,9,274,5.59
22,9,276,18.65
22,9,278,3.63
22,9,285,19.28
22,10,193,15.79
22,10,195,5.42
22,10,201,7.67
22,10,205,11.16
22,10,209,10.62
22,10,212,7.8
22,10,213,10.07
22,10,251,3.26
22,11,168,12.2
22,11,171,11.93
22,11,172,10.67
22,11,173,10.15
22,11,174,10.47
22,11,175,10.76
22,11,176,11.36
22,11,177,8.06
22,11,178,9.2
22,11,179,3.58
22,11,181,5.88
22,11,183,12.55
22,11,189,6.35
22,11,190,9.36
22,11,192,4.69
22,11,194,7.49
22,11,196,17.27
22,11,197,8.97
22,11,198,7.42
22,11,202,10.55
22,11,203,10.96
22,11,204,10.26
22,11,207,10.75
22,11,208,10.7
22,11,211,8.45
22,11,214,11.96
22,11,215,6.73
22,11,216,12.21
22,11,217,7.98
22,11,218,3.56
22,11,219,3.55
22,11,220,11.16
22,11,221,7.18
22,11,222,14.2
22,11,223,3.98
22,11,224,3.77
22,12,225,12.17
22,12,226,12.56
22,12,227,13.38
22,12,228,8.25
22,12,229,3.37
22,12,230,8.73
22,12,231,13.11
22,12,232,13.68
22,12,233,17.49
22,12,234,8.87
22,12,235,19.62
22,12,236,26.91
22,12,237,20.9
22,12,288,20.3
22,12,289,7.18
23,1,22,5.41
23,1,23,5.82
23,1,24,5.33
23,1,25,3.15
23,1,26,6.04
23,1,28,3.23
23,1,30,4.26
23,1,33,6.6
23,1,35,4.94
23,1,36,4.78
23,1,37,5
23,1,38,5.94
23,1,254,3.85
23,1,255,5.04
23,1,280,5.5
23,1,281,4.8
23,1,283,5.96
23,2,31,4.53
23,2,34,8.57
23,2,39,9.78
23,2,40,9.22
23,2,45,8.64
23,2,46,3.9
23,2,48,8.08
23,2,49,3.83
23,2,52,7.63
23,3,50,2.83
23,3,53,11.36
23,3,56,6.18
23,3,57,9.91
23,3,58,10.26
23,3,61,5.75
23,3,65,7.92
23,3,240,5.76
23,4,32,3.38
23,4,42,4.7
23,4,44,5.25
23,4,47,5.1
23,4,51,5.23
23,4,54,4.96
23,4,55,4.52
23,4,59,3.32
23,4,62,4.65
23,4,63,6.57
23,4,64,4.92
23,4,66,4.27
23,4,67,6.31
23,4,68,3.15
23,4,69,5.58
23,4,71,5.56
23,4,72,4.38
23,4,262,2.16
23,4,263,3.36
23,4,264,5.16
23,4,267,2.3
23,4,269,2.99
23,5,85,5.33
23,5,87,1.68
23,5,89,6.57
23,5,90,24.87
23,5,91,8.05
23,5,92,1.99
23,5,93,7.62
23,5,94,8.81
23,5,238,5.68
23,5,241,4.76
23,5,242,7.24
23,5,243,8.94
23,5,265,1.85
23,5,266,8.28
23,6,70,3.63
23,6,73,3.94
23,6,74,4.83
23,6,75,3.93
23,6,76,3.73
23,6,77,3.54
23,6,78,7.1
23,6,79,4.4
23,6,81,7.35
23,6,82,5.38
23,6,83,4.08
23,6,84,2.97
23,6,86,3.58
23,6,88,7.48
23,6,95,6.66
23,6,96,2.91
23,6,97,6.66
23,6,98,7.52
23,6,99,4.66
23,6,100,4.11
23,6,101,4.67
23,6,102,5.07
23,6,103,7.14
23,6,105,7.23
23,6,106,8.31
23,6,110,6.58
23,6,111,5.69
23,6,112,7.31
23,6,115,7.99
23,6,117,8.15
23,6,122,11.92
23,6,244,8.08
23,6,245,10.61
23,6,259,5.25
23,6,268,2.73
23,6,270,4.3
23,6,272,6.2
23,6,273,4.57
23,6,275,6.34
23,6,277,3.51
23,7,104,7.24
23,7,107,6.55
23,7,108,6.08
23,7,109,7.09
23,7,113,7.12
23,7,114,8.25
23,7,116,7.19
23,7,118,7.7
23,7,120,7.63
23,7,123,8.26
23,7,124,7.58
23,7,125,7.41
23,7,126,8.43
23,7,127,7.5
23,7,128,7.85
23,7,129,7.97
23,7,130,6.8
23,7,131,8.51
23,7,132,7.64
23,7,133,9.99
23,7,134,7.51
23,7,136,8.7
23,7,137,8.5
23,7,138,8.5
23,7,139,8.83
23,7,140,9.04
23,7,141,8.33
23,7,142,9.52
23,7,144,4.43
23,7,146,7.69
23,7,147,7.92
23,7,149,8.75
23,7,150,7.72
23,7,151,8.2
23,7,155,8.63
23,7,158,8.68
23,7,159,9.31
23,7,246,8.1
23,7,247,7.53
23,7,248,8.44
23,7,249,7.93
23,7,250,8.01
23,7,286,4.52
23,8,121,6.35
23,8,135,1.39
23,8,153,1.57
23,8,169,6.28
23,8,170,1.82
23,8,239,7.4
23,8,252,4.89
23,8,260,9.14
23,8,261,9.3
23,8,284,11.66
23,8,287,11.71
23,9,119,5.74
23,9,143,5.16
23,9,145,5.03
23,9,148,4.19
23,9,152,3.15
23,9,154,6.48
23,9,156,2.69
23,9,157,3.27
23,9,160,6.67
23,9,161,6.96
23,9,162,5.11
23,9,164,4.53
23,9,165,12.61
23,9,180,13.19
23,9,182,5.26
23,9,184,14.62
23,9,185,12.16
23,9,187,4.99
23,9,271,6.94
23,9,274,5.22
23,9,276,15.5
23,9,278,3.15
23,9,285,16.42
23,10,193,16.67
23,10,195,11.71
23,10,201,14.46
23,10,205,11.87
23,10,209,28.73
23,10,212,13.44
23,10,213,9.81
23,10,251,3.98
23,11,168,9.37
23,11,171,11.41
23,11,172,8.96
23,11,173,11.4
23,11,174,9.19
23,11,175,9.01
23,11,176,10.86
23,11,177,10.55
23,11,178,9.94
23,11,179,4.72
23,11,181,9.72
23,11,183,11.86
23,11,189,9.92
23,11,190,10.8
23,11,192,9.89
23,11,194,22.52
23,11,196,29.61
23,11,197,9.92
23,11,198,11.56
23,11,202,12.58
23,11,203,12.39
23,11,204,12.9
23,11,207,10.55
23,11,208,13.21
23,11,211,23.35
23,11,214,16.18
23,11,215,18.8
23,11,216,16.92
23,11,217,30.61
23,11,218,5.19
23,11,219,5.22
23,11,220,14.35
23,11,221,9.62
23,11,222,13.59
23,11,223,4.88
23,11,224,4.72
23,12,225,25.5
23,12,226,22.4
23,12,227,12.77
23,12,228,32.74
23,12,229,4.62
23,12,230,17.44
23,12,231,22.23
23,12,232,12.74
23,12,233,27.07
23,12,234,8.18
23,12,235,38.44
23,12,236,28.73
23,12,237,27.24
23,12,288,30.44
23,12,289,15.55
24,1,22,5.06
24,1,23,5.42
24,1,24,5.41
24,1,25,6.6
24,1,26,5.99
24,1,28,3.34
24,1,30,4.39
24,1,33,6.83
24,1,35,5.11
24,1,36,4.87
24,1,37,5.13
24,1,38,5.59
24,1,254,3.92
24,1,255,5.09
24,1,280,5.98
24,1,281,4.96
24,1,283,5.77
24,2,31,4.44
24,2,34,9.82
24,2,39,11.21
24,2,40,10.73
24,2,45,9.78
24,2,46,3.76
24,2,48,9.61
24,2,49,4.76
24,2,52,8.78
24,3,50,3.4
24,3,53,11.2
24,3,56,5.85
24,3,57,5.17
24,3,58,10.28
24,3,61,6.65
24,3,65,5.78
24,3,240,6.19
24,4,32,3.9
24,4,42,4.81
24,4,44,5.41
24,4,47,4.72
24,4,51,4.71
24,4,54,3.58
24,4,55,3.21
24,4,59,2.95
24,4,62,2.84
24,4,63,3.32
24,4,64,2.99
24,4,66,2.75
24,4,67,2.88
24,4,68,1.32
24,4,69,3.77
24,4,71,2.07
24,4,72,4.82
24,4,262,1.58
24,4,263,2.6
24,4,264,5.64
24,4,267,3.31
24,4,269,3.12
24,5,85,5.45
24,5,87,1.16
24,5,89,5.25
24,5,90,20.85
24,5,91,4.74
24,5,92,2
24,5,93,5.79
24,5,94,6.11
24,5,238,5.39
24,5,241,4.58
24,5,242,5.52
24,5,243,7.67
24,5,265,2.03
24,5,266,8.28
24,6,70,3.31
24,6,73,3.62
24,6,74,1.83
24,6,75,3.69
24,6,76,3.52
24,6,77,2.92
24,6,78,6.56
24,6,79,3.9
24,6,81,6.81
24,6,82,5.23
24,6,83,3.83
24,6,84,2.74
24,6,86,3.58
24,6,88,5.5
24,6,95,6.05
24,6,96,3.11
24,6,97,6.13
24,6,98,7
24,6,99,4.13
24,6,100,4.13
24,6,101,3.36
24,6,102,4.4
24,6,103,6.39
24,6,105,6.75
24,6,106,7.56
24,6,110,3.68
24,6,111,3.98
24,6,112,4.08
24,6,115,3.69
24,6,117,3.76
24,6,122,9.42
24,6,244,7.38
24,6,245,8.94
24,6,259,4.78
24,6,268,2.53
24,6,270,4.31
24,6,272,5.71
24,6,273,4
24,6,275,5.61
24,6,277,3.25
24,7,104,6.84
24,7,107,5.39
24,7,108,6.37
24,7,109,6.35
24,7,113,6.67
24,7,114,6.61
24,7,116,6.38
24,7,118,6.42
24,7,120,6.29
24,7,123,5.97
24,7,124,6.72
24,7,125,6.29
24,7,126,5.78
24,7,127,6.14
24,7,128,6.49
24,7,129,5.9
24,7,130,5.04
24,7,131,6.95
24,7,132,6.4
24,7,133,5.62
24,7,134,6.55
24,7,136,5.41
24,7,137,5.24
24,7,138,5.69
24,7,139,5.23
24,7,140,5.66
24,7,141,6.75
24,7,142,6.61
24,7,144,3.34
24,7,146,5.47
24,7,147,6.28
24,7,149,5.13
24,7,150,6.2
24,7,151,4.75
24,7,155,6.07
24,7,158,6.74
24,7,159,6.43
24,7,246,6.32
24,7,247,4.92
24,7,248,7.12
24,7,249,6.12
24,7,250,6.56
24,7,286,3.16
24,8,121,3.48
24,8,135,1.09
24,8,153,1.26
24,8,169,4.11
24,8,170,1.41
24,8,239,4.65
24,8,252,4.07
24,8,260,11.02
24,8,261,7.35
24,8,284,12.15
24,8,287,10.2
24,9,119,4.91
24,9,143,4.39
24,9,145,4.43
24,9,148,3.74
24,9,152,2.76
24,9,154,5.49
24,9,156,1.4
24,9,157,2.95
24,9,160,6.04
24,9,161,6.72
24,9,162,4.25
24,9,164,3.32
24,9,165,10.4
24,9,180,10.14
24,9,182,4.24
24,9,184,5.75
24,9,185,8.5
24,9,187,2.92
24,9,271,6.56
24,9,274,4.06
24,9,276,12.9
24,9,278,2.77
24,9,285,14.4
24,10,193,7.8
24,10,195,4.76
24,10,201,12.69
24,10,205,8.48
24,10,209,11.76
24,10,212,6.52
24,10,213,4.04
24,10,251,2.4
24,11,168,5.23
24,11,171,3.98
24,11,172,7.08
24,11,173,3.43
24,11,174,6.18
24,11,175,8.5
24,11,176,5.27
24,11,177,4.13
24,11,178,6.23
24,11,179,2.06
24,11,181,4.05
24,11,183,8.24
24,11,189,3.92
24,11,190,2.69
24,11,192,4.88
24,11,194,2.4
24,11,196,5.23
24,11,197,3.89
24,11,198,5.23
24,11,202,5.97
24,11,203,4.75
24,11,204,5.14
24,11,207,4.89
24,11,208,4.62
24,11,211,3.67
24,11,214,4.95
24,11,215,1.1
24,11,216,3.69
24,11,217,0.82
24,11,218,0.59
24,11,219,0.61
24,11,220,4.72
24,11,221,3.34
24,11,222,4.26
24,11,223,0.19
24,11,224,0.21
24,12,225,0.61
24,12,226,3.62
24,12,227,5.44
24,12,228,0.69
24,12,229,0.22
24,12,230,2.94
24,12,231,2.07
24,12,232,4.02
24,12,233,4.84
24,12,234,2.25
24,12,235,1.7
24,12,236,1.15
24,12,237,10.88
24,12,288,10.84
24,12,289,5.32
25,1,22,6.27
25,1,23,6.71
25,1,24,5.17
25,1,25,3.32
25,1,26,5.68
25,1,28,3.15
25,1,30,4.44
25,1,33,6.63
25,1,35,5.03
25,1,36,5.02
25,1,37,5.2
25,1,38,5.66
25,1,254,4.04
25,1,255,5.05
25,1,280,5.63
25,1,281,4.89
25,1,283,6.3
25,2,31,4.36
25,2,34,8.74
25,2,39,10.66
25,2,40,7.61
25,2,45,7.15
25,2,46,3.79
25,2,48,7.11
25,2,49,3.06
25,2,52,7.16
25,3,50,2.26
25,3,53,10.6
25,3,56,6.72
25,3,57,7.89
25,3,58,9.09
25,3,61,6.46
25,3,65,8.93
25,3,240,7.6
25,4,32,3.73
25,4,42,3.52
25,4,44,4.59
25,4,47,4.38
25,4,51,4.6
25,4,54,3.23
25,4,55,3.73
25,4,59,2.94
25,4,62,3.4
25,4,63,5.35
25,4,64,2.9
25,4,66,4.39
25,4,67,2.68
25,4,68,2.85
25,4,69,5.07
25,4,71,3.38
25,4,72,3.74
25,4,262,1.68
25,4,263,2.75
25,4,264,4.43
25,4,267,2.42
25,4,269,2.7
25,5,85,4.28
25,5,87,1.43
25,5,89,8.31
25,5,90,24.52
25,5,91,9.37
25,5,92,1.51
25,5,93,6.7
25,5,94,7.75
25,5,238,5.86
25,5,241,4.03
25,5,242,6.86
25,5,243,8.25
25,5,265,1.49
25,5,266,7.63
25,6,70,3.81
25,6,73,4.24
25,6,74,2.06
25,6,75,3.39
25,6,76,3.72
25,6,77,2.95
25,6,78,6.47
25,6,79,3.91
25,6,81,6.69
25,6,82,5.33
25,6,83,3.82
25,6,84,2.79
25,6,86,3.47
25,6,88,6.79
25,6,95,6.23
25,6,96,2.66
25,6,97,6.63
25,6,98,7.07
25,6,99,4.15
25,6,100,3.66
25,6,101,4.22
25,6,102,4.58
25,6,103,6.61
25,6,105,6.86
25,6,106,7.61
25,6,110,3.59
25,6,111,3.82
25,6,112,5.73
25,6,115,4.36
25,6,117,5.66
25,6,122,9.07
25,6,244,7.6
25,6,245,10.43
25,6,259,4.48
25,6,268,2.37
25,6,270,4.6
25,6,272,5.22
25,6,273,4.18
25,6,275,5.12
25,6,277,3.64
25,7,104,8.72
25,7,107,10.91
25,7,108,9.36
25,7,109,8.87
25,7,113,7.68
25,7,114,7.27
25,7,116,8.23
25,7,118,8.9
25,7,120,8.88
25,7,123,7.4
25,7,124,8.52
25,7,125,8.56
25,7,126,7.32
25,7,127,8.76
25,7,128,9.12
25,7,129,9.29
25,7,130,11.39
25,7,131,8.6
25,7,132,8.98
25,7,133,14.23
25,7,134,8.49
25,7,136,7.01
25,7,137,7.24
25,7,138,7.33
25,7,139,8.47
25,7,140,7.14
25,7,141,9.12
25,7,142,7.02
25,7,144,4.2
25,7,146,14.7
25,7,147,9.35
25,7,149,8.05
25,7,150,8.7
25,7,151,11.49
25,7,155,8.41
25,7,158,7.98
25,7,159,8.77
25,7,246,8.51
25,7,247,14.58
25,7,248,9.57
25,7,249,8.68
25,7,250,8.58
25,7,286,3.98
25,8,121,4.41
25,8,135,1.49
25,8,153,1.71
25,8,169,3.89
25,8,170,1.2
25,8,239,5.81
25,8,252,3.95
25,8,260,8.71
25,8,261,10.66
25,8,284,11.86
25,8,287,8.86
25,9,119,5
25,9,143,3.97
25,9,145,4.17
25,9,148,3.61
25,9,152,2.42
25,9,154,4.97
25,9,156,1.69
25,9,157,2.7
25,9,160,4.79
25,9,161,5.69
25,9,162,3.75
25,9,164,3.4
25,9,165,9.78
25,9,180,7.73
25,9,182,4.16
25,9,184,5.31
25,9,185,7.25
25,9,187,3.16
25,9,271,6.13
25,9,274,4.29
25,9,276,12.58
25,9,278,2.42
25,9,285,13.63
25,10,193,10.14
25,10,195,4.34
25,10,201,9.86
25,10,205,5.74
25,10,209,15.56
25,10,212,7.85
25,10,213,4.89
25,10,251,3.2
25,11,168,9.4
25,11,171,10.47
25,11,172,7.66
25,11,173,7.33
25,11,174,7.39
25,11,175,7.06
25,11,176,7.52
25,11,177,9.46
25,11,178,9.03
25,11,179,4.05
25,11,181,6.31
25,11,183,6.59
25,11,189,6.27
25,11,190,8.33
25,11,192,6.47
25,11,194,10.61
25,11,196,13.79
25,11,197,5.59
25,11,198,7.7
25,11,202,7.9
25,11,203,7.26
25,11,204,6.98
25,11,207,4.03
25,11,208,5.69
25,11,211,4.53
25,11,214,6.51
25,11,215,4.82
25,11,216,5.92
25,11,217,5.84
25,11,218,3.44
25,11,219,3.39
25,11,220,5.97
25,11,221,3.65
25,11,222,5.04
25,11,223,3.37
25,11,224,3.23
25,12,225,5
25,12,226,5.28
25,12,227,4.89
25,12,228,4.96
25,12,229,2.99
25,12,230,3.98
25,12,231,5.38
25,12,232,6.08
25,12,233,7.49
25,12,234,6.13
25,12,235,12.97
25,12,236,7.58
25,12,237,15.21
25,12,288,12.71
25,12,289,5.4
26,1,22,5.61
26,1,23,5.82
26,1,24,4.92
26,1,25,3.32
26,1,26,5.51
26,1,28,2.9
26,1,30,4.13
26,1,33,6.3
26,1,35,4.93
26,1,36,4.84
26,1,37,4.79
26,1,38,6.63
26,1,254,3.89
26,1,255,4.75
26,1,280,5.09
26,1,281,4.78
26,1,283,5.32
26,2,31,4.07
26,2,34,9.29
26,2,39,11.25
26,2,40,11.42
26,2,45,11.85
26,2,46,4.31
26,2,48,9.99
26,2,49,7.63
26,2,52,9.6
26,3,50,4.75
26,3,53,12.17
26,3,56,8.17
26,3,57,7.33
26,3,58,12.28
26,3,61,7.38
26,3,65,7.81
26,3,240,8.9
26,4,32,3.67
26,4,42,5.17
26,4,44,5.51
26,4,47,6.04
26,4,51,6.13
26,4,54,5.55
26,4,55,4.2
26,4,59,5.38
26,4,62,5.94
26,4,63,6.07
26,4,64,5.61
26,4,66,5.59
26,4,67,5.11
26,4,68,5.04
26,4,69,5.33
26,4,71,5.54
26,4,72,4.97
26,4,262,2.91
26,4,263,4.86
26,4,264,4.9
26,4,267,3.32
26,4,269,3.26
26,5,85,3.5
26,5,87,1.57
26,5,89,7.26
26,5,90,7.78
26,5,91,8.84
26,5,92,1.24
26,5,93,6.61
26,5,94,7.91
26,5,238,5.22
26,5,241,4.19
26,5,242,6.85
26,5,243,8.16
26,5,265,1.23
26,5,266,5.03
26,6,70,3.94
26,6,73,4.41
26,6,74,4.54
26,6,75,3.7
26,6,76,3.92
26,6,77,3.06
26,6,78,6.77
26,6,79,3.67
26,6,81,7.02
26,6,82,5.2
26,6,83,4.34
26,6,84,3.03
26,6,86,3.54
26,6,88,7.69
26,6,95,7.15
26,6,96,3.46
26,6,97,7.99
26,6,98,7.75
26,6,99,4.31
26,6,100,4.33
26,6,101,5.8
26,6,102,5.97
26,6,103,8.05
26,6,105,7.81
26,6,106,8.81
26,6,110,4.46
26,6,111,5.3
26,6,112,4.14
26,6,115,4.83
26,6,117,5.65
26,6,122,2.78
26,6,244,7.9
26,6,245,9.69
26,6,259,3.89
26,6,268,2.5
26,6,270,4.26
26,6,272,5.98
26,6,273,4.39
26,6,275,5.98
26,6,277,3.82
26,7,104,7.7
26,7,107,6.09
26,7,108,6.36
26,7,109,6.89
26,7,113,6.65
26,7,114,8.42
26,7,116,6.69
26,7,118,7.48
26,7,120,7.34
26,7,123,7.33
26,7,124,7.21
26,7,125,6.26
26,7,126,6.82
26,7,127,7.42
26,7,128,6.41
26,7,129,5.68
26,7,130,5.95
26,7,131,6.48
26,7,132,6.7
26,7,133,6.45
26,7,134,6.75
26,7,136,6.14
26,7,137,6.02
26,7,138,6.47
26,7,139,6.16
26,7,140,6.34
26,7,141,6.67
26,7,142,6.91
26,7,144,3.79
26,7,146,5.21
26,7,147,5.97
26,7,149,5.96
26,7,150,6.82
26,7,151,5.36
26,7,155,6.64
26,7,158,6.01
26,7,159,6.55
26,7,246,6.76
26,7,247,6.2
26,7,248,6.44
26,7,249,6.97
26,7,250,7.34
26,7,286,3.57
26,8,121,3.8
26,8,135,0.52
26,8,153,0.96
26,8,169,4.4
26,8,170,0.73
26,8,239,5.27
26,8,252,3.04
26,8,260,5.87
26,8,261,3.72
26,8,284,8.62
26,8,287,5.47
26,9,119,4.91
26,9,143,4.05
26,9,145,4.09
26,9,148,2.71
26,9,152,2.48
26,9,154,5.05
26,9,156,1.65
26,9,157,2.65
26,9,160,5.22
26,9,161,5.69
26,9,162,4.36
26,9,164,3.59
26,9,165,9.75
26,9,180,9.24
26,9,182,3.93
26,9,184,5.37
26,9,185,8.99
26,9,187,3.21
26,9,271,6.29
26,9,274,3.8
26,9,276,11.59
26,9,278,2.5
26,9,285,12.96
26,10,193,5.91
26,10,195,4.9
26,10,201,6.88
26,10,205,8.24
26,10,209,7.2
26,10,212,7.43
26,10,213,7.82
26,10,251,2.74
26,11,168,8.4
26,11,171,8.17
26,11,172,7.96
26,11,173,6.95
26,11,174,7.69
26,11,175,8.05
26,11,176,7.42
26,11,177,6.23
26,11,178,6.95
26,11,179,3.41
26,11,181,7
26,11,183,7.04
26,11,189,5.67
26,11,190,6.43
26,11,192,6.54
26,11,194,6.08
26,11,196,8.24
26,11,197,5.95
26,11,198,6.72
26,11,202,8.84
26,11,203,8.01
26,11,204,7.04
26,11,207,5.3
26,11,208,7.38
26,11,211,4.45
26,11,214,8.01
26,11,215,5.32
26,11,216,6.86
26,11,217,5.89
26,11,218,3.59
26,11,219,3.53
26,11,220,8.24
26,11,221,4.92
26,11,222,6.62
26,11,223,3.54
26,11,224,3.21
26,12,225,6.16
26,12,226,4.82
26,12,227,7.14
26,12,228,5.18
26,12,229,3.16
26,12,230,3.64
26,12,231,8.68
26,12,232,7.08
26,12,233,5.97
26,12,234,6.75
26,12,235,12.14
26,12,236,6.69
26,12,237,12.15
26,12,288,12.14
26,12,289,5.77
27,1,22,10.78
27,1,23,11.58
27,1,24,4.96
27,1,25,6.12
27,1,26,5.77
27,1,28,3.24
27,1,30,4.32
27,1,33,6.59
27,1,35,5.02
27,1,36,4.91
27,1,37,5.14
27,1,38,5.41
27,1,254,3.95
27,1,255,4.95
27,1,280,5.53
27,1,281,4.88
27,1,283,5.64
27,2,31,4.28
27,2,34,7.02
27,2,39,9.77
27,2,40,9.35
27,2,45,9.78
27,2,46,3.87
27,2,48,8.73
27,2,49,6.69
27,2,52,8.34
27,3,50,3.73
27,3,53,11.17
27,3,56,8.18
27,3,57,8.81
27,3,58,11.51
27,3,61,6.4
27,3,65,8.39
27,3,240,7.67
27,4,32,3.43
27,4,42,4.74
27,4,44,5.12
27,4,47,5.28
27,4,51,5.77
27,4,54,4.65
27,4,55,3.93
27,4,59,4.5
27,4,62,4.86
27,4,63,5.45
27,4,64,4.44
27,4,66,6.13
27,4,67,5.97
27,4,68,4.37
27,4,69,5
27,4,71,4.24
27,4,72,3.17
27,4,262,2.36
27,4,263,4.82
27,4,264,3.63
27,4,267,2.61
27,4,269,2.95
27,5,85,3.03
27,5,87,1.09
27,5,89,5.47
27,5,90,16.82
27,5,91,4.8
27,5,92,1.15
27,5,93,5.19
27,5,94,6.28
27,5,238,4.19
27,5,241,2.7
27,5,242,5.64
27,5,243,6.71
27,5,265,1.14
27,5,266,2.54
27,6,70,3.81
27,6,73,4.14
27,6,74,2.92
27,6,75,3.22
27,6,76,3.36
27,6,77,2.94
27,6,78,6.44
27,6,79,4.03
27,6,81,6.4
27,6,82,4.45
27,6,83,3.91
27,6,84,2.9
27,6,86,3.48
27,6,88,5.79
27,6,95,5.87
27,6,96,3.15
27,6,97,5.87
27,6,98,6.68
27,6,99,3.48
27,6,100,4.04
27,6,101,4.22
27,6,102,4.7
27,6,103,6.44
27,6,105,6.83
27,6,106,7.38
27,6,110,3.87
27,6,111,4.01
27,6,112,4.4
27,6,115,4.38
27,6,117,4.48
27,6,122,4.9
27,6,244,6.89
27,6,245,9.29
27,6,259,4.35
27,6,268,2.38
27,6,270,4.41
27,6,272,5.53
27,6,273,4.36
27,6,275,5.45
27,6,277,3.69
27,7,104,6.47
27,7,107,4.36
27,7,108,4.38
27,7,109,6.19
27,7,113,6.15
27,7,114,6.69
27,7,116,6.39
27,7,118,6.37
27,7,120,6.61
27,7,123,6.71
27,7,124,6.97
27,7,125,6.08
27,7,126,6.27
27,7,127,7.47
27,7,128,7
27,7,129,6.16
27,7,130,6.48
27,7,131,7.09
27,7,132,6.67
27,7,133,5.54
27,7,134,7.08
27,7,136,5.67
27,7,137,5.71
27,7,138,5.65
27,7,139,5.52
27,7,140,5.93
27,7,141,7
27,7,142,5.77
27,7,144,3.62
27,7,146,5.63
27,7,147,6.4
27,7,149,5.75
27,7,150,6.59
27,7,151,4.65
27,7,155,6.1
27,7,158,6.7
27,7,159,6.01
27,7,246,5.98
27,7,247,5.11
27,7,248,7.06
27,7,249,6.99
27,7,250,7.15
27,7,286,3.42
27,8,121,3.57
27,8,135,0.86
27,8,153,1.25
27,8,169,2.75
27,8,170,0.51
27,8,239,4.31
27,8,252,3.04
27,8,260,3.74
27,8,261,1.92
27,8,284,7.15
27,8,287,4.16
27,9,119,4.93
27,9,143,4.4
27,9,145,4.56
27,9,148,2.37
27,9,152,2.64
27,9,154,4.46
27,9,156,0.93
27,9,157,2.97
27,9,160,6.08
27,9,161,6.69
27,9,162,3.11
27,9,164,2.89
27,9,165,10.44
27,9,180,7.85
27,9,182,4.37
27,9,184,4.8
27,9,185,7.69
27,9,187,3.01
27,9,271,6.79
27,9,274,4.44
27,9,276,13.54
27,9,278,2.67
27,9,285,14.54
27,10,193,4.57
27,10,195,4
27,10,201,6.03
27,10,205,6.02
27,10,209,6.5
27,10,212,6.38
27,10,213,6.34
27,10,251,2.92
27,11,168,7.41
27,11,171,8.22
27,11,172,7.52
27,11,173,6.54
27,11,174,7.84
27,11,175,7.84
27,11,176,7.07
27,11,177,7.29
27,11,178,7.48
27,11,179,3.73
27,11,181,7.45
27,11,183,5.84
27,11,189,6.41
27,11,190,6.48
27,11,192,7.14
27,11,194,6.13
27,11,196,10.04
27,11,197,6.53
27,11,198,5.91
27,11,202,8.37
27,11,203,7.93
27,11,204,6.07
27,11,207,4.81
27,11,208,6.95
27,11,211,4.33
27,11,214,7.59
27,11,215,4.86
27,11,216,6.6
27,11,217,5.85
27,11,218,3.36
27,11,219,3.35
27,11,220,7.31
27,11,221,4.51
27,11,222,6.38
27,11,223,3.27
27,11,224,3.17
27,12,225,5.66
27,12,226,4.62
27,12,227,6.65
27,12,228,4.74
27,12,229,3.02
27,12,230,3.46
27,12,231,7.73
27,12,232,6.54
27,12,233,5.71
27,12,234,6.33
27,12,235,11.88
27,12,236,6.64
27,12,237,11.95
27,12,288,11.7
27,12,289,4.98
28,1,22,10.78
28,1,23,11.58
28,1,24,5.41
28,1,25,3.45
28,1,26,6.2
28,1,28,3.33
28,1,30,4.53
28,1,33,6.75
28,1,35,4.76
28,1,36,4.83
28,1,37,4.96
28,1,38,6.41
28,1,254,3.89
28,1,255,5.19
28,1,280,5.75
28,1,281,4.62
28,1,283,5.65
28,2,31,4.48
28,2,34,9.97
28,2,39,11.02
28,2,40,11.09
28,2,45,11.88
28,2,46,4.13
28,2,48,11.51
28,2,49,8.8
28,2,52,11.42
28,3,50,5.23
28,3,53,13.11
28,3,56,9.94
28,3,57,9.95
28,3,58,13.7
28,3,61,9.55
28,3,65,11.82
28,3,240,10.56
28,4,32,3.63
28,4,42,4.89
28,4,44,5.09
28,4,47,5.86
28,4,51,5.94
28,4,54,5.3
28,4,55,4.37
28,4,59,5.45
28,4,62,6.65
28,4,63,6.38
28,4,64,5.75
28,4,66,6.81
28,4,67,6.28
28,4,68,6.25
28,4,69,5.67
28,4,71,6.52
28,4,72,5.53
28,4,262,3.04
28,4,263,5.93
28,4,264,6.19
28,4,267,3.81
28,4,269,3.52
28,5,85,5.98
28,5,87,1.62
28,5,89,8.07
28,5,90,20.33
28,5,91,10.74
28,5,92,2.12
28,5,93,8.51
28,5,94,12.46
28,5,238,6.33
28,5,241,4.78
28,5,242,7.46
28,5,243,8.95
28,5,265,2.12
28,5,266,9.11
28,6,70,4.09
28,6,73,4.6
28,6,74,5.04
28,6,75,4.18
28,6,76,4.12
28,6,77,3.31
28,6,78,7.13
28,6,79,4.55
28,6,81,7.4
28,6,82,5.96
28,6,83,4.63
28,6,84,3.06
28,6,86,3.92
28,6,88,7.65
28,6,95,7.67
28,6,96,3.66
28,6,97,7.63
28,6,98,7.77
28,6,99,5.06
28,6,100,4.56
28,6,101,6.23
28,6,102,6.39
28,6,103,7.38
28,6,105,7.47
28,6,106,8.07
28,6,110,5.32
28,6,111,5.9
28,6,112,4.81
28,6,115,6.69
28,6,117,6.51
28,6,122,7.25
28,6,244,8.67
28,6,245,10.72
28,6,259,4.08
28,6,268,2.83
28,6,270,4.96
28,6,272,5.93
28,6,273,4.63
28,6,275,6.1
28,6,277,4.07
28,7,104,8.54
28,7,107,9.28
28,7,108,8.35
28,7,109,8
28,7,113,8.09
28,7,114,8.45
28,7,116,8.23
28,7,118,8
28,7,120,8.12
28,7,123,7.75
28,7,124,8.94
28,7,125,7.91
28,7,126,7.39
28,7,127,8.9
28,7,128,9.29
28,7,129,8.71
28,7,130,7.89
28,7,131,8.53
28,7,132,8.62
28,7,133,7.25
28,7,134,9.26
28,7,136,7.42
28,7,137,6.65
28,7,138,7.45
28,7,139,6.52
28,7,140,7.44
28,7,141,8.84
28,7,142,7.82
28,7,144,3.79
28,7,146,9.27
28,7,147,9.24
28,7,149,6.81
28,7,150,8.22
28,7,151,5.47
28,7,155,7.57
28,7,158,8.66
28,7,159,9.26
28,7,246,7.72
28,7,247,5.86
28,7,248,9.3
28,7,249,8.29
28,7,250,8.64
28,7,286,3.76
28,8,121,5.17
28,8,135,0.92
28,8,153,1.74
28,8,169,6.94
28,8,170,1.05
28,8,239,7.54
28,8,252,3.4
28,8,260,8.08
28,8,261,5.5
28,8,284,10.57
28,8,287,7.68
28,9,119,5.28
28,9,143,4.67
28,9,145,4.83
28,9,148,3.63
28,9,152,2.86
28,9,154,5.9
28,9,156,2.36
28,9,157,3.13
28,9,160,5.83
28,9,161,6.62
28,9,162,5.35
28,9,164,4.08
28,9,165,9.56
28,9,180,9.7
28,9,182,4.17
28,9,184,11.83
28,9,185,10.65
28,9,187,4.32
28,9,271,7.05
28,9,274,4.92
28,9,276,12.58
28,9,278,2.86
28,9,285,13.85
28,10,193,12.02
28,10,195,6.29
28,10,201,10.46
28,10,205,9.95
28,10,209,12.98
28,10,212,10.21
28,10,213,8.07
28,10,251,3.44
28,11,168,9.62
28,11,171,10.93
28,11,172,8.51
28,11,173,8.54
28,11,174,8.47
28,11,175,8.28
28,11,176,8.47
28,11,177,9.77
28,11,178,9.82
28,11,179,4.09
28,11,181,9.11
28,11,183,8.28
28,11,189,7.56
28,11,190,7.31
28,11,192,8.57
28,11,194,7.75
28,11,196,11.41
28,11,197,7.09
28,11,198,7.41
28,11,202,10.08
28,11,203,9.59
28,11,204,8.58
28,11,207,8.47
28,11,208,8.84
28,11,211,8.45
28,11,214,10.09
28,11,215,9.44
28,11,216,9.85
28,11,217,16.54
28,11,218,3.69
28,11,219,3.68
28,11,220,11.84
28,11,221,6.34
28,11,222,9.7
28,11,223,3.66
28,11,224,3.51
28,12,225,13.69
28,12,226,10
28,12,227,10.49
28,12,228,20.22
28,12,229,3.83
28,12,230,7.32
28,12,231,14.89
28,12,232,10.18
28,12,233,15.48
28,12,234,7.24
28,12,235,18.75
28,12,236,19.48
28,12,237,26.11
28,12,288,21.93
28,12,289,9.57
29,1,22,6.35
29,1,23,6.31
29,1,24,4.82
29,1,25,3.06
29,1,26,5.4
29,1,28,2.96
29,1,30,4.01
29,1,33,5.87
29,1,35,4.6
29,1,36,4.52
29,1,37,4.92
29,1,38,6.47
29,1,254,3.64
29,1,255,4.46
29,1,280,5.34
29,1,281,4.46
29,1,283,6.32
29,2,31,3.98
29,2,34,9.48
29,2,39,10.88
29,2,40,10.58
29,2,45,11.57
29,2,46,4.03
29,2,48,11.22
29,2,49,8.17
29,2,52,10.27
29,3,50,4.75
29,3,53,11.59
29,3,56,6.84
29,3,57,6.13
29,3,58,12.07
29,3,61,7.74
29,3,65,7.09
29,3,240,7.78
29,4,32,4.03
29,4,42,5.59
29,4,44,5.58
29,4,47,5.87
29,4,51,6.49
29,4,54,5.8
29,4,55,4.44
29,4,59,5.54
29,4,62,6.53
29,4,63,6.73
29,4,64,5.94
29,4,66,6.62
29,4,67,5.16
29,4,68,5.46
29,4,69,5.74
29,4,71,6.16
29,4,72,5.2
29,4,262,3.26
29,4,263,5.39
29,4,264,4.23
29,4,267,3.52
29,4,269,3.46
29,5,85,1.62
29,5,87,0.94
29,5,89,5.11
29,5,90,16.09
29,5,91,4.31
29,5,92,1.42
29,5,93,5.72
29,5,94,6.89
29,5,238,3.08
29,5,241,3.15
29,5,242,5.3
29,5,243,6.21
29,5,265,1.45
29,5,266,2.06
29,6,70,4.16
29,6,73,4.52
29,6,74,3.88
29,6,75,3.6
29,6,76,3.78
29,6,77,3.29
29,6,78,6.85
29,6,79,4.47
29,6,81,6.95
29,6,82,5.5
29,6,83,4.5
29,6,84,3.21
29,6,86,3.95
29,6,88,5.28
29,6,95,5.63
29,6,96,3.43
29,6,97,5.24
29,6,98,7.32
29,6,99,4.01
29,6,100,4.37
29,6,101,3.95
29,6,102,4.71
29,6,103,6.08
29,6,105,6.96
29,6,106,7.37
29,6,110,4.93
29,6,111,3.54
29,6,112,4.07
29,6,115,4.38
29,6,117,2.68
29,6,122,1.43
29,6,244,7.19
29,6,245,5.84
29,6,259,3.24
29,6,268,2.82
29,6,270,4.91
29,6,272,5.95
29,6,273,4.58
29,6,275,6.13
29,6,277,4
29,7,104,5.34
29,7,107,4.53
29,7,108,4.53
29,7,109,5.27
29,7,113,6.06
29,7,114,5.41
29,7,116,5.47
29,7,118,5.58
29,7,120,5.61
29,7,123,5.6
29,7,124,6.06
29,7,125,5.86
29,7,126,5.49
29,7,127,6.23
29,7,128,6.43
29,7,129,6.55
29,7,130,4.75
29,7,131,6.72
29,7,132,6.26
29,7,133,5.03
29,7,134,6.24
29,7,136,5.25
29,7,137,5.56
29,7,138,5.83
29,7,139,6.29
29,7,140,5.39
29,7,141,6.74
29,7,142,6.01
29,7,144,3.75
29,7,146,6.21
29,7,147,7.21
29,7,149,6.38
29,7,150,6.18
29,7,151,4.78
29,7,155,6.07
29,7,158,7.73
29,7,159,7.98
29,7,246,6.14
29,7,247,4.71
29,7,248,6.6
29,7,249,6.1
29,7,250,5.98
29,7,286,3.14
29,8,121,3.68
29,8,135,0.22
29,8,153,0.37
29,8,169,3.56
29,8,170,0.51
29,8,239,3.66
29,8,252,2.77
29,8,260,3.74
29,8,261,1.46
29,8,284,6.52
29,8,287,4.48
29,9,119,4.97
29,9,143,3.7
29,9,145,3.94
29,9,148,2.1
29,9,152,2.29
29,9,154,3.93
29,9,156,0.8
29,9,157,2.55
29,9,160,4.87
29,9,161,5.6
29,9,162,2.47
29,9,164,2.73
29,9,165,9.56
29,9,180,9.94
29,9,182,3.99
29,9,184,6.7
29,9,185,6.26
29,9,187,2.88
29,9,271,6.14
29,9,274,4.28
29,9,276,11.81
29,9,278,2.29
29,9,285,12.77
29,10,193,4.2
29,10,195,3.53
29,10,201,12.09
29,10,205,7.67
29,10,209,7.89
29,10,212,7.85
29,10,213,6.89
29,10,251,2.75
29,11,168,7.54
29,11,171,7.76
29,11,172,7.72
29,11,173,6.35
29,11,174,7.99
29,11,175,7.89
29,11,176,6.91
29,11,177,6.76
29,11,178,7.48
29,11,179,3.6
29,11,181,8.28
29,11,183,7.18
29,11,189,6.78
29,11,190,6.2
29,11,192,8.44
29,11,194,5.41
29,11,196,10.31
29,11,197,6.42
29,11,198,6.19
29,11,202,8.6
29,11,203,8.63
29,11,204,6.46
29,11,207,6.09
29,11,208,7.88
29,11,211,5.3
29,11,214,8.9
29,11,215,5.41
29,11,216,8.38
29,11,217,6.74
29,11,218,3.42
29,11,219,3.09
29,11,220,10.16
29,11,221,5.6
29,11,222,8.05
29,11,223,3.19
29,11,224,2.91
29,12,225,6.79
29,12,226,5.35
29,12,227,8.24
29,12,228,6.04
29,12,229,3.11
29,12,230,4.32
29,12,231,9.71
29,12,232,8.45
29,12,233,8.02
29,12,234,6.73
29,12,235,12.93
29,12,236,9.62
29,12,237,13.06
29,12,288,13.5
29,12,289,5.19
